{
  "Daniel J. Abadi": "https://scholar.google.com/citations?user=zxeEF2gAAAAJ",
  "Alberto Abelló": "https://scholar.google.com/citations?user=RKxnFaMAAAAJ",
  "Ashraf Aboulnaga": "https://scholar.google.com/citations?user=47sihrsAAAAJ",
  "Anastasia Ailamaki": "https://scholar.google.com/citations?user=YdrkeNwAAAAJ",
  "Rakesh Agrawal": "https://scholar.google.com/citations?user=XPdhXUUAAAAJ",
  "Gustavo Alonso": "https://scholar.google.com/citations?user=fkNjVcIAAAAJ",
  "María José Aramburu": "https://scholar.google.com/citations?user=kwkHDgEAAAAJ",
  "Walid G. Aref": "https://scholar.google.com/citations?user=vX45evgAAAAJ",
  "Marcelo Arenas": "https://scholar.google.com/citations?user=YHR0wkkAAAAJ",
  "Magdalena Balazinska": "https://scholar.google.com/citations?user=DDxFvcIAAAAJ",
  "Denilson Barbosa": "https://scholar.google.com/citations?user=zd0qalEAAAAJ",
  "Philip A. Bernstein": "https://scholar.google.com/citations?user=6OEYXEIAAAAJ",
  "Elisa Bertino": "https://scholar.google.com/citations?user=EfuT9RoAAAAJ",
  "Michael Böhlen": "https://scholar.google.com/citations?user=dDBGgkEAAAAJ",
  "Peter Boncz": "https://scholar.google.com/citations?user=DCIZE1kAAAAJ",
  "Angela Bonifati": "https://scholar.google.com/citations?user=0RdtBlUAAAAJ",
  "Philippe Bonnet": "https://scholar.google.com/citations?user=S9zyMRgAAAAJ",
  "Yingyi Bu": "https://scholar.google.com/citations?user=w5bvD40AAAAJ",
  "Stefano Ceri": "https://scholar.google.com/citations?user=aiulJmIAAAAJ",
  "Badrish Chandramouli": "https://scholar.google.com/citations?user=yB17meAAAAAJ",
  "Lei Chen": "https://scholar.google.com/citations?user=gtglwgYAAAAJ",
  "Ming-Syan Chen": "https://scholar.google.com/citations?user=KTmCrFkAAAAJ",
  "Reynold Cheng": "https://scholar.google.com/citations?user=7R7MSb4AAAAJ",
  "Rada Chirkova": "https://scholar.google.com/citations?user=Jh3QCRYAAAAJ",
  "Radu Ciucanu": "https://scholar.google.com/citations?user=1WXDq-sAAAAJ",
  "Adina Crainiceanu": "https://scholar.google.com/citations?user=EJJA9kwAAAAJ",
  "Tyson Condie": "https://scholar.google.com/citations?user=7SdcAiEAAAAJ",
  "Gao Cong": "https://scholar.google.com/citations?user=WFFamJkAAAAJ",
  "Carlo Aldo Curino": "https://scholar.google.com/citations?user=wb9DYOEAAAAJ",
  "Alfredo Cuzzocrea": "https://scholar.google.com/citations?user=QPyHkEQAAAAJ",
  "Gautam Das": "https://scholar.google.com/citations?user=oleB9xIAAAAJ",
  "Mahashweta Das": "https://scholar.google.com/citations?user=njFoZewAAAAJ",
  "Jeff Dean": "https://scholar.google.com/citations?user=NMS69lQAAAAJ",
  "David DeWitt": "https://scholar.google.com/citations?user=6iBz3QgAAAAJ",
  "Yanlei Diao": "https://scholar.google.com/citations?user=VghIYWEAAAAJ",
  "AnHai Doan": "https://scholar.google.com/citations?user=Qa_TAw4AAAAJ",
  "Alin Dobra": "https://scholar.google.com/citations?user=smEOOBsAAAAJ",
  "Xin Luna Dong": "https://scholar.google.com/citations?user=uGsKvHoAAAAJ",
  "Curtis Dyreson": "https://scholar.google.com/citations?user=318GQ54AAAAJ",
  "Ahmed Eldawy": "https://scholar.google.com/citations?user=bshz1DEAAAAJ",
  "Ronald Fagin": "https://scholar.google.com/citations?user=ohL-Y50AAAAJ",
  "Christos Faloutsos": "https://scholar.google.com/citations?user=nd8lQQIAAAAJ",
  "Alan Fekete": "https://scholar.google.com/citations?user=Hs9cVRgAAAAJ",
  "George H. L. Fletcher": "https://scholar.google.com/citations?user=87TyXPcAAAAJ",
  "Michael Franklin": "https://scholar.google.com/citations?user=p0sQC6sAAAAJ",
  "Juliana Freire": "https://scholar.google.com/citations?user=sSzAlq0AAAAJ",
  "Ada Wai-Chee Fu": "https://scholar.google.com/citations?user=tcwyqtUAAAAJ",
  "Avigdor Gal": "https://scholar.google.com/citations?user=APs1p2oAAAAJ",
  "Wolfgang Gatterbauer": "https://scholar.google.com/citations?user=9mIBxkMAAAAJ",
  "Hector Garcia-Molina": "https://scholar.google.com/citations?user=bAa___kAAAAJ",
  "Minos Garofalakis": "https://scholar.google.com/citations?user=WemX9rAAAAAJ",
  "Byron J. Gao": "https://scholar.google.com/citations?user=HwB09lAAAAAJ",
  "Floris Geerts": "https://scholar.google.com/citations?user=SGay8u4AAAAJ",
  "Johannes Gehrke": "https://scholar.google.com/citations?user=FtbGhBQAAAAJ",
  "Jana Giceva": "https://scholar.google.com/citations?user=O7xc9uEAAAAJ",
  "Georg Gottlob": "https://scholar.google.com/citations?user=i72_SkUAAAAJ",
  "Paolo Guagliardo": "https://scholar.google.com/citations?user=8AiPiU0AAAAJ",
  "Dimitrios Gunopulos": "https://scholar.google.com/citations?user=PHJokEQAAAAJ",
  "Claudio Gutierrez": "https://scholar.google.com/citations?user=jzeqUi4AAAAJ",
  "Laura Haas": "https://scholar.google.com/citations?user=e9qUUSgAAAAJ",
  "Alon Halevy": "https://scholar.google.com/citations?user=F_MI0pcAAAAJ",
  "Jayant Haritsa": "https://scholar.google.com/citations?user=dc626ewAAAAJ",
  "Bingsheng He": "https://scholar.google.com/citations?user=RogYLKYAAAAJ",
  "Xi He": "https://scholar.google.com/citations?user=DlTQ320AAAAJ",
  "Joseph Hellerstein": "https://scholar.google.com/citations?user=uFJi3IUAAAAJ",
  "Katja Hose": "https://scholar.google.com/citations?user=LbXvZUoAAAAJ",
  "Bill Howe": "https://scholar.google.com/citations?user=dQ-x9NQAAAAJ",
  "Stratos Idreos": "https://scholar.google.com/citations?user=rg6Bl5YAAAAJ",
  "Ihab F. Ilyas": "https://scholar.google.com/citations?user=YG6mTEIAAAAJ",
  "Yannis Ioannidis": "https://scholar.google.com/citations?user=MIfpzUQAAAAJ",
  "H. V. Jagadish": "https://scholar.google.com/citations?user=SKVnHakAAAAJ",
  "Christian S. Jensen": "https://scholar.google.com/citations?user=wo20cPYAAAAJ",
  "Verena Kantere": "https://scholar.google.com/citations?user=av8jooQAAAAJ",
  "Martin Kersten": "https://scholar.google.com/citations?user=Kr6jppsAAAAJ",
  "Christoph Koch": "https://scholar.google.com/citations?user=bMQIencAAAAJ",
  "Hank Korth": "https://scholar.google.com/citations?user=4VLZdawAAAAJ",
  "Georgia Koutrika": "https://scholar.google.com/citations?user=RG3PiFgAAAAJ",
  "Hans-Peter Kriegel": "https://scholar.google.com/citations?user=DBf9LC4AAAAJ",
  "YongChul Kwon": "https://scholar.google.com/citations?user=HYDToQYAAAAJ",
  "Alberto H. F. Laender": "https://scholar.google.com/citations?user=HJhu4csAAAAJ",
  "Per-Ake Larson": "https://scholar.google.com/citations?user=q0KPHawAAAAJ",
  "Wolfgang Lehner": "https://scholar.google.com/citations?user=YYzvyMQAAAAJ",
  "Xiang Lian": "https://scholar.google.com/citations?user=xvrh8YMAAAAJ",
  "Chengkai Li": "https://scholar.google.com/citations?user=v8ZQDf8AAAAJ",
  "Feifei Li": "https://scholar.google.com/citations?user=qPDhlWkAAAAJ",
  "Guoliang Li": "https://scholar.google.com/citations?user=Pi89P8kAAAAJ",
  "Jimmy Lin": "http://scholar.google.com/citations?user=0EWw1z8AAAAJ",
  "Ling Liu": "https://scholar.google.com/citations?user=VIwtdckAAAAJ",
  "Hua Lu": "https://scholar.google.com/citations?user=h1mExmcAAAAJ",
  "Ashwin Machanavajjhala": "https://scholar.google.com/citations?user=A0hv6xwAAAAJ",
  "Samuel Madden": "https://scholar.google.com/citations?user=a1ngrCIAAAAJ",
  "Stefan Manegold": "https://scholar.google.com/citations?user=BauIS1IAAAAJ",
  "Ioana Manolescu": "https://scholar.google.com/citations?user=q6Ft35wAAAAJ",
  "Yannis Manolopoulos": "https://scholar.google.com/citations?user=2aXlMOAAAAAJ",
  "Volker Markl": "https://scholar.google.com/citations?user=el2k_oIAAAAJ",
  "Maarten Marx": "https://scholar.google.com/citations?user=H54oRlIAAAAJ",
  "Giansalvatore Mecca": "https://scholar.google.com/citations?user=4fAH8jIAAAAJ",
  "Claudia Bauzer Medeiros": "https://scholar.google.com/citations?user=Kf2m1twAAAAJ",
  "Sharad Mehrotra": "https://scholar.google.com/citations?user=MTZaRW4AAAAJ",
  "Paolo Merialdo": "https://scholar.google.com/citations?user=njKmu5cAAAAJ",
  "Renee Miller": "https://scholar.google.com/citations?user=NjeM1LsAAAAJ",
  "Tova Milo": "https://scholar.google.com/citations?user=X1-ovCkAAAAJ",
  "Mohamed Mokbel": "https://scholar.google.com/citations?user=GHz1ZVIAAAAJ",
  "Barzan Mozafari": "https://scholar.google.com/citations?user=HHd7uewAAAAJ",
  "Arnab Nandi": "https://scholar.google.com/citations?user=OhiNDfkAAAAJ",
  "Jeffrey Naughton": "https://scholar.google.com/citations?user=H-VmFU4AAAAJ",
  "Raymond Ng": "https://scholar.google.com/citations?user=reYJaYMAAAAJ",
  "Frank Olken": "https://scholar.google.com/citations?user=9xAs5lIAAAAJ",
  "Christopher Olston": "https://scholar.google.com/citations?user=bkcNcHYAAAAJ",
  "Beng Chin Ooi": "https://scholar.google.com/citations?user=9560QjYAAAAJ",
  "Carlos Ordonez": "https://scholar.google.com/citations?user=W9YkIcoAAAAJ",
  "Vincent Oria": "https://scholar.google.com/citations?user=PlgV6FwAAAAJ",
  "M. Tamer Özsu": "https://scholar.google.com/citations?user=dwxm_CoAAAAJ",
  "Olga Papaemmanouil": "https://scholar.google.com/citations?user=JaAonb0AAAAJ",
  "Paolo Papotti": "https://scholar.google.com/citations?user=YwoezYX7JVgJ",
  "Stefano Paraboschi": "https://scholar.google.com/citations?user=UbW5_3YAAAAJ",
  "Andrew Pavlo": "https://scholar.google.com/citations?user=u1UDm4wAAAAJ",
  "Torben Bach Pedersen": "https://scholar.google.com/citations?user=XGzPuKEAAAAJ",
  "Jorge Perez": "https://scholar.google.com/citations?user=a6lUuiwAAAAJ",
  "Peter Pietzuch": "https://scholar.google.com/citations?user=vYcHYoYAAAAJ",
  "Neoklis Polyzotis": "https://scholar.google.com/citations?user=gWxLttUAAAAJ",
  "Rachel Pottinger": "https://scholar.google.com/citations?user=B_GQDXMAAAAJ",
  "Andrea Pugliese": "https://scholar.google.com/citations?user=lj53SmwAAAAJ",
  "Davood Rafiei": "https://scholar.google.com/citations?user=lNxSDIwAAAAJ",
  "Erhard Rahm": "https://scholar.google.com/citations?user=N9wi5soAAAAJ",
  "Raghu Ramakrishnan": "https://scholar.google.com/citations?user=udZSrkYAAAAJ",
  "Christopher Ré": "https://scholar.google.com/citations?user=DnnCWN0AAAAJ",
  "Mirek Riedewald": "https://scholar.google.com/citations?user=qz6YaN4AAAAJ",
  "John F. Roddick": "https://scholar.google.com/citations?user=u2jz6VEAAAAJ",
  "Jennie Rogers": "https://scholar.google.com/citations?user=kVUa9ZoAAAAJ",
  "Sudeepa Roy" :"https://scholar.google.com/citations?user=vzfO5TwAAAAJ",
  "Jian Pei": "https://scholar.google.com/citations?user=zIMEVKsAAAAJ",
  "Mohammad Sadoghi": "https://scholar.google.com/citations?user=Lx9fbJoAAAAJ",
  "Kenneth Salem": "https://scholar.google.com/citations?user=t7z2V78AAAAJ",
  "Hanan Samet": "https://scholar.google.com/citations?user=ATOfqHEAAAAJ",
  "Timos Sellis": "https://scholar.google.com/citations?user=G1Iux80AAAAJ",
  "Margo Seltzer": "https://scholar.google.com/citations?user=XeyiyUYAAAAJ",
  "Srinath Shankar": "https://scholar.google.com/citations?user=XvTBpH0AAAAJ",
  "A Silberschatz": "https://scholar.google.com/citations?user=-YvgZDEAAAAJ",
  "Divesh Srivastava": "https://scholar.google.com/citations?user=kGKlHp0AAAAJ",
  "Julia Stoyanovich": "https://scholar.google.com/citations?user=UhJRkaIAAAAJ",
  "Fabian Suchanek": "https://scholar.google.com/citations?user=djtZhi8AAAAJ",
  "Dan Suciu": "https://scholar.google.com/citations?user=SIxd6jgAAAAJ",
  "S. Sudarshan": "https://scholar.google.com/citations?user=KtP9-zYAAAAJ",
  "Nesime Tatbul": "https://scholar.google.com/citations?user=YlsHgYQAAAAJ",
  "David Toman": "https://scholar.google.com/citations?user=cCoKzk8AAAAJ",
  "Yannis Theodoridis": "https://scholar.google.com/citations?user=1f5twhoAAAAJ",
  "Goce Trajcevski": "https://scholar.google.com/citations?user=Avus2kcAAAAJ",
  "Jeffrey Ullman": "https://scholar.google.com/citations?user=wUJ2bXgAAAAJ",
  "Patrick Valduriez": "https://scholar.google.com/citations?user=Vj0m2A0AAAAJ",
  "Jan Van den Bussche": "https://scholar.google.com/citations?user=3V8K4wIAAAAJ",
  "Stratis Viglas": "https://scholar.google.com/citations?user=ZxgGJMwAAAAJ",
  "Marcos Vaz Salles": "https://scholar.google.com/citations?user=8ob18bQAAAAJ",
  "Semih Salihoglu": "https://scholar.google.com/citations?user=XxQq8nsAAAAJ",
  "Altigran Soares da Silva": "https://scholar.google.com/citations?user=Ka6w1vgAAAAJ",
  "Julia Stoyanovich": "https://scholar.google.com/citations?user=UhJRkaIAAAAJ",
  "Saravanan Thirumuruganathan": "https://scholar.google.com/citations?user=-oRTB8TtsDYC",
  "Christian Thomsen": "https://scholar.google.com/citations?user=Y7i1yN4AAAAJ",
  "Daisy Zhe Wang": "https://scholar.google.com/citations?user=gMOBKfUAAAAJ",
  "Haixun Wang": "https://scholar.google.com/citations?user=Q1mcglAAAAAJ",
  "Jiannan Wang": "https://scholar.google.com/citations?user=fKV65XQAAAAJ",
  "Wei Wang": "https://scholar.google.com/citations?user=UedS9LQAAAAJ",
  "Gerhard Weikum": "https://scholar.google.com/citations?user=vNAD0mAAAAAJ",
  "Jennifer Widom": "https://scholar.google.com/citations?user=zdKmnYwAAAAJ",
  "Eugene Wu": "https://scholar.google.com/citations?user=X53rkecAAAAJ",
  "Xiaokui Xiao": "https://scholar.google.com/citations?user=BpgsGX0AAAAJ",
  "Jeffrey Xu Yu": "https://scholar.google.com/citations?user=iHevumsAAAAJ",
  "Ke Yi": "https://scholar.google.com/citations?user=dWcZPFEAAAAJ",
  "Stanley Zdonik": "https://scholar.google.com/citations?user=k3YaoIEAAAAJ",
  "Wenchao Zhou": "https://scholar.google.com/citations?user=Nr6E_rIAAAAJ",
  "Xiaofang Zhou": "https://scholar.google.com/citations?user=y6m820wAAAAJ",
  "Feida Zhu": "https://scholar.google.com/citations?user=uLa0zdcAAAAJ",
  "Lei Zou": "https://scholar.google.com/citations?user=jZgjlGUAAAAJ"
}
