{
  "Eugene Agichtein": "https://scholar.google.com/citations?user=3BX3vWcAAAAJ",
  "Eneko Agirre": "https://scholar.google.com/citations?user=kSuqts0AAAAJ",
  "Sophia Ananiadou": "https://scholar.google.com/citations?user=quhi-K0AAAAJ",
  "Isabelle Augenstein": "https://scholar.google.com/citations?user=DjJp0dcAAAAJ",
  "Ahmed Hassan Awadallah": "https://scholar.google.com/citations?user=sNGk-9MAAAAJ",
  "Timothy Baldwin": "https://scholar.google.com/citations?user=wjBD1dkAAAAJ",
  "Mohit Bansal": "https://scholar.google.com/citations?user=DN8QtscAAAAJ",
  "Asma Ben Abacha": "https://scholar.google.com/citations?user=KO6_r0cAAAAJ",
  "Emily M. Bender": "https://scholar.google.com/citations?user=9r_f1w4AAAAJ",
  "Jonathan Berant": "https://scholar.google.com/citations?user=xCYHonIAAAAJ",
  "Shane Bergsma": "https://scholar.google.com/citations?user=nrE1OroAAAAJ",
  "Steven Bethard": "https://scholar.google.com/citations?user=sXM8J5EAAAAJ",
  "Pushpak Bhattacharyya": "https://scholar.google.com/citations?user=vvg-pAkAAAAJ",
  "Chris Biemann": "https://scholar.google.com/citations?user=BdwP-3QAAAAJ",
  "Lidong Bing": "https://scholar.google.com/citations?user=_oYzrzAAAAAJ",
  "Kalina Bontcheva": "https://scholar.google.co.uk/citations?user=kUbDCnMAAAAJ",
  "Ondřej Bojar": "https://scholar.google.com/citations?user=G_65vFsAAAAJ",
  "Johan Bos": "https://scholar.google.ca/citations?user=Pkj8OSoAAAAJ",
  "Antal van den Bosch": "https://scholar.google.com/citations?user=LCuzJyYAAAAJ",
  "Jordan Boyd-Graber": "https://scholar.google.com/citations?user=BT4XTP4AAAAJ",
  "Samuel R. Bowman": "https://scholar.google.ca/citations?user=kV9XRxYAAAAJ",
  "Leonid Boytsov": "https://scholar.google.com/citations?user=I79y2i4AAAAJ",
  "Phil Blunsom": "https://scholar.google.com/citations?user=eJwbbXEAAAAJ",
  "Jill Burstein": "https://scholar.google.com/citations?user=bDKurOUAAAAJ",
  "Bill Byrne": "https://scholar.google.com/citations?user=BVUcMU4AAAAJ",
  "Aoife Cahill": "https://scholar.google.com/citations?user=1a-TXfYAAAAJ",
  "Chris Callison-Burch": "https://scholar.google.com/citations?user=nv-MV58AAAAJ",
  "Jaime Carbonell": "https://scholar.google.com/citations?user=wlqqttEAAAAJ",
  "Claire Cardie": "https://scholar.google.com/citations?user=ex9BQiIAAAAJ",
  "Giuseppe Carenini": "https://scholar.google.com/citations?user=HNNL22kAAAAJ",
  "Kai-Wei Chang": "https://scholar.google.com/citations?user=fqDBtzYAAAAJ",
  "Eugene Charniak": "https://scholar.google.com/citations?user=_XHudx4AAAAJ",
  "David Chiang": "https://scholar.google.com/citations?user=dok0514AAAAJ",
  "Kyunghyun Cho": "https://scholar.google.com/citations?user=0RAmmIAAAAAJ",
  "Martin Chodorow": "https://scholar.google.com/citations?user=PuwfixYAAAAJ",
  "Yejin Choi": "https://scholar.google.com/citations?user=vhP-tlcAAAAJ",
  "Md. Faisal Mahbub Chowdhury": "https://scholar.google.com/citations?user=h9GHCBsAAAAJ",
  "Kenneth Ward Church": "https://scholar.google.com/citations?user=E6aqGvYAAAAJ",
  "Stephen Clark": "https://scholar.google.com/citations?user=bBnvK8cAAAAJ",
  "William W. Cohen": "https://scholar.google.com/citations?user=8ys-38kAAAAJ",
  "Trevor Cohn": "https://scholar.google.com/citations?user=FCom398AAAAJ",
  "Michael Collins": "https://scholar.google.com/citations?user=DxoenfgAAAAJ",
  "Ryan Cotterell": "https://scholar.google.com/citations?user=DexOqtoAAAAJ",
  "Hamish Cunningham": "https://scholar.google.com/citations?user=DMKfNFMAAAAJ",
  "James R. Curran": "https://scholar.google.ca/citations?user=CeNz_twAAAAJ",
  "Walter Daelemans": "https://scholar.google.com/citations?user=21RjEWwAAAAJ",
  "Ido Dagan": "https://scholar.google.com/citations?user=YzGAGtoAAAAJ",
  "Hal Daumé III": "https://scholar.google.com/citations?user=PbEw81gAAAAJ",
  "Hongbo Deng": "https://scholar.google.com/citations?user=cfXbU7gAAAAJ",
  "Mona Diab": "https://scholar.google.com/citations?user=-y6SIhQAAAAJ",
  "Li Dong": "https://scholar.google.com/citations?user=wEfQgPgAAAAJ",
  "Bonnie Dorr": "https://scholar.google.com/citations?user=jSjEWosAAAAJ",
  "Mark Dredze": "https://scholar.google.com/citations?user=7jNkTbYAAAAJ",
  "Kevin Duh": "https://scholar.google.com/citations?user=M3BSiiQAAAAJ",
  "Chris Dyer": "https://scholar.google.com/citations?user=W2DsnAkAAAAJ",
  "Jason Eisner": "https://scholar.google.com/citations?user=tjb2UccAAAAJ",
  "Micha Elsner": "https://scholar.google.com/citations?user=t60TWmgAAAAJ",
  "Oren Etzioni": "https://scholar.google.com/citations?user=-hmxit8AAAAJ",
  "Marcelo Fiszman": "https://scholar.google.com/citations?user=lN2Or8cAAAAJ",
  "Robert E Frederking": "https://scholar.google.com/citations?user=55fqxgwAAAAJ",
  "Pascale Fung": "https://scholar.google.com/citations?user=QEMJWzEAAAAJ",
  "Hannaneh Hajishirzi": "https://scholar.google.com/citations?user=LOV6_WIAAAAJ",
  "Robert Gaizauskas": "https://scholar.google.com/citations?user=HY8ATOgAAAAJ",
  "Matthias Gallé": "https://scholar.google.com/citations?user=P-md_yYAAAAJ",
  "Jianfeng Gao": "https://scholar.google.com/citations?user=CQ1cqKkAAAAJ",
  "Matt Gardner": "https://scholar.google.com/citations?user=SfKdzrUAAAAJ",
  "Daniel Gildea": "https://scholar.google.com/citations?user=AAJjmoIAAAAJ",
  "Kevin Gimpel": "https://scholar.google.com/citations?user=kDHs7DYAAAAJ",
  "Yoav Goldberg": "https://scholar.google.com/citations?user=0rskDKgAAAAJ",
  "Dan Goldwasser": "https://scholar.google.com/citations?user=u8358QgAAAAJ",
  "Sharon Goldwater": "https://scholar.google.com/citations?user=_ZxvlzoAAAAJ",
  "Edward Grefenstette": "https://scholar.google.com/citations?user=ezllEwMAAAAJ",
  "Ralph Grishman": "https://scholar.google.com/citations?user=blwKAkUAAAAJ",
  "Cyril Grouin": "https://scholar.google.com/citations?user=lsSlLh8AAAAJ",
  "Iryna Gurevych": "https://scholar.google.com/citations?user=t3A39e8AAAAJ",
  "Nizar Habash": "https://scholar.google.com/citations?user=DGb-sBwAAAAJ",
  "Barry Haddrow": "https://scholar.google.com/citations?user=6NqRjRYAAAAJ",
  "Jan Hajic": "https://scholar.google.com/citations?user=PRGTBUoAAAAJ",
  "Eva Hajičová": "https://scholar.google.com/citations?user=JIjrD70AAAAJ",
  "Hannaneh Hajishirzi": "https://scholar.google.com/citations?user=LOV6_WIAAAAJ",
  "Sadid A. Hasan": "https://scholar.google.com/citations?user=AQKGDZYAAAAJ",
  "Naeemul Hassan": "https://scholar.google.com/citations?user=-DeoD4EAAAAJ",
  "Yulan He": "https://scholar.google.com/citations?user=SP9r32UAAAAJ",
  "Xiaodong He": "https://scholar.google.com/citations?user=W5WbqgoAAAAJ",
  "Marti A. Hearst": "http://scholar.google.com/citations?user=664NOb0AAAAJ",
  "Julia Hirschberg": "https://scholar.google.com/citations?user=Qrd7FCoAAAAJ",
  "Graeme Hirst": "https://scholar.google.com/citations?user=VGdVdjwAAAAJ",
  "Karl Moritz Hermann": "https://scholar.google.co.uk/citations?user=WmH1GQoAAAAJ",
  "Julia Hockenmaier": "https://scholar.google.com/citations?user=iIiVrrQAAAAJ",
  "Eduard Hovy": "https://scholar.google.com/citations?user=PUFxrroAAAAJ",
  "Xuanjing Huang": "https://scholar.google.com/citations?user=RGsMgZA4H78C",
  "Rebecca Hwa": "https://scholar.google.com/citations?user=T8-BGRsAAAAJ",
  "Nancy Ide": "https://scholar.google.com/citations?user=WkfhlGkAAAAJ",
  "Heng Ji": "https://scholar.google.com/citations?user=z7GCqT4AAAAJ",
  "Hui Jiang": "https://scholar.google.ca/citations?user=lQi05ZkAAAAJ",
  "Jing Jiang": "https://scholar.google.com.sg/citations?user=hVTK2YwAAAAJ",
  "Lauri Karttunen": "https://scholar.google.com/citations?user=wzQIH8kAAAAJ",
  "Daisuke Kawahara": "https://scholar.google.com/citations?user=Cfp1XmUAAAAJ",
  "Sanjeev Khudanpur": "https://scholar.google.com/citations?user=K-BdgNwAAAAJ",
  "Halil Kilicoglu": "https://scholar.google.com/citations?user=TFsWfkwAAAAJ",
  "Katrin Kirchhoff": "https://scholar.google.com/citations?user=QpjOepwAAAAJ",
  "Svetlana Kiritchenko": "https://scholar.google.com/citations?user=PDSU_EIAAAAJ",
  "Dan Klein": "https://scholar.google.com/citations?user=jJRiZR8AAAAJ",
  "Kevin Knight": "https://scholar.google.com/citations?user=d7PTaOYAAAAJ",
  "Philipp Koehn": "https://scholar.google.com/citations?user=OsIZgIYAAAAJ",
  "Anna Korhonen": "https://scholar.google.com/citations?user=SCoVoOYAAAAJ",
  "Leila Kosseim": "https://scholar.google.ca/citations?user=nc2WmbsAAAAJ",
  "Emiel Krahmer": "https://scholar.google.com/citations?user=yCePzREAAAAJ",
  "Sadao Kurohashi": "https://scholar.google.com/citations?user=gpKS5P0AAAAJ",
  "Mark Johnson": "https://scholar.google.com/citations?user=Z_kok3sAAAAJ",
  "Dan Jurafsky": "https://scholar.google.com/citations?user=uZg9l58AAAAJ",
  "Guy Lapalme": "https://scholar.google.com/citations?user=0fRlG8oAAAAJ",
  "Mirella Lapata": "https://scholar.google.com/citations?user=j67B9Q4AAAAJ",
  "Alberto Lavelli": "https://scholar.google.com/citations?user=Aq7t-gmq1Y0C",
  "Alon Lavie": "https://scholar.google.com/citations?user=iZEl7j4AAAAJ",
  "Gary Geunbae Lee": "https://scholar.google.com/citations?user=t30saScAAAAJ",
  "Lillian Lee": "https://scholar.google.com/citations?user=oJESe-cAAAAJ",
  "Lori Levin": "https://scholar.google.com/citations?user=56o9adoAAAAJ",
  "Omer Levy": "https://scholar.google.com/citations?user=PZVd2h8AAAAJ",
  "Haizhou Li": "https://scholar.google.com/citations?user=z8_x7C8AAAAJ",
  "Hang Li": "https://scholar.google.com/citations?user=nTl5mSwAAAAJ",
  "Wenjie Li": "https://scholar.google.ca/citations?user=Rx5swD4AAAAJ",
  "Mark Liberman": "https://scholar.google.com/citations?user=R--JjPoAAAAJ",
  "Chin-Yew Lin": "https://scholar.google.com/citations?user=cDF07aYAAAAJ",
  "Dekang Lin": "https://scholar.google.com/citations?user=VvdtcWcAAAAJ",
  "Jimmy Lin": "https://scholar.google.com/citations?user=0EWw1z8AAAAJ",
  "Shou-De Lin": "https://scholar.google.com/citations?user=_82xf3QAAAAJ",
  "Diane Litman": "https://scholar.google.com/citations?user=8MFFVgEAAAAJ",
  "Bing Liu": "https://scholar.google.com/citations?user=Kt1bjZoAAAAJ",
  "Liu Ting": "https://scholar.google.com/citations?user=zyMJ1V0AAAAJ",
  "Xiaodong Liu": "https://scholar.google.com/citations?user=NIewcxMAAAAJ",
  "Zhiyuan Liu": "https://scholar.google.com/citations?user=dT0v5u0AAAAJ",
  "Adam Lopez": "https://scholar.google.com/citations?user=u4sxKZwAAAAJ",
  "Hao Ma": "https://scholar.google.com/citations?user=4spEfYgAAAAJ",
  "Wei-Yun Ma": "https://scholar.google.com/citations?user=AHG3DncAAAAJ",
  "Nitin Madnani": "https://scholar.google.com/citations?user=ow3PIFcAAAAJ",
  "Gideon Mann": "https://scholar.google.com/citations?user=K2SBUN8AAAAJ",
  "Christopher D Manning": "https://scholar.google.com/citations?user=1zmDOdwAAAAJ",
  "Daniel Marcu": "https://scholar.google.com/citations?user=ZilgdfsAAAAJ",
  "Mitchell Marcus": "https://scholar.google.com/citations?user=niE2OkIAAAAJ",
  "Lluís Màrquez": "https://scholar.google.com/citations?user=yFNUfjsAAAAJ",
  "James H. Martin": "https://scholar.google.com/citations?user=ZVxO6IIAAAAJ",
  "Yuji Matsumoto": "https://scholar.google.com/citations?user=GWmahLMAAAAJ",
  "James Mayfield": "https://scholar.google.com/citations?user=gsIkQ-4AAAAJ",
  "Diana Maynard": "https://scholar.google.com/citations?user=YZZPJ2oAAAAJ",
  "Andrew McCallum": "https://scholar.google.com/citations?user=yILa1y0AAAAJ",
  "Ryan McDonald": "https://scholar.google.com/citations?user=i05BhUgAAAAJ",
  "Paul McNamee": "https://scholar.google.com/citations?&user=xpStfNcAAAAJ",
  "Kathleen McKeown": "https://scholar.google.com/citations?user=ujDhg2sAAAAJ",
  "Rada Mihalcea": "https://scholar.google.com/citations?user=UetM7FgAAAAJ",
  "Teruko Mitamura": "https://scholar.google.com/citations?user=gjsxBCkAAAAJ",
  "Tom Mitchell": "https://scholar.google.com/citations?user=MnfzuPYAAAAJ",
  "Saif M. Mohammad": "https://scholar.google.com/citations?user=zJHymXh9EVwC",
  "Christof Monz": "https://scholar.google.com/citations?user=0r3PWLQAAAAJ",
  "Raymond Mooney": "https://scholar.google.com/citations?user=p9RsPG4AAAAJ",
  "Johanna Moore": "https://scholar.google.com/citations?user=9cb0uoAAAAAJ",
  "Robert C. Moore": "https://scholar.google.com/citations?user=V3jH7tEAAAAJ",
  "Courtney Napoles": "https://scholar.google.ca/citations?user=u9BBh5cAAAAJ",
  "Ani Nenkova": "https://scholar.google.com/citations?user=vXQdb5kAAAAJ",
  "Graham Neubig": "https://scholar.google.de/citations?user=wlosgkoAAAAJ",
  "Hermann Ney": "https://scholar.google.com/citations?user=6C8rf-0AAAAJ",
  "Jian-Yun Nie": "https://scholar.google.com/citations?user=W7uYg0UAAAAJ",
  "Malvina Nissim": "https://scholar.google.ca/citations?user=hnTpEOAAAAAJ",
  "Joakim Nivre": "https://scholar.google.com/citations?user=lLBHtFUAAAAJ",
  "Hwee Tou Ng": "https://scholar.google.com/citations?user=FABZCeAAAAAJ",
  "Raymond Ng": "https://scholar.google.com/citations?user=reYJaYMAAAAJ",
  "Franz Och": "https://scholar.google.com/citations?user=7quZWfcAAAAJ",
  "Vicente Ordonez": "https://scholar.google.com/citations?user=TtA_j4YAAAAJ",
  "Bo Pang": "https://scholar.google.com/citations?user=qCdLtIoAAAAJ",
  "Patrick Pantel": "https://scholar.google.com/citations?user=saQkRvAAAAAJ",
  "Kishore Papineni": "https://scholar.google.com/citations?user=aTySmnAAAAAJ",
  "Viviana Patti": "https://scholar.google.ca/citations?user=Th0j7coAAAAJ",
  "Ellie Pavlick": "https://scholar.google.ca/citations?user=sFyrSa8AAAAJ",
  "Ted Pedersen": "https://scholar.google.com/citations?user=GwJdLSAAAAAJ",
  "Slav Petrov": "https://scholar.google.com/citations?user=ipb9-GEAAAAJ",
  "Rebecca J. Passonneau": "https://scholar.google.com/citations?user=jb9VOp0AAAAJ",
  "Michael J. Paul": "https://scholar.google.com/citations?user=_pRB0HIAAAAJ",
  "Fernando Pereira": "https://scholar.google.com/citations?user=qWDmIgIAAAAJ",
  "David Eduardo Pinto Avendaño": "https://scholar.google.com/citations?user=v3eCFg0AAAAJ",
  "Hoifung Poon": "https://scholar.google.com/citations?user=yqqmVbkAAAAJ",
  "Matt Post": "https://scholar.google.com/citations?user=4w7LhxsAAAAJ",
  "Christopher Potts": "https://scholar.google.ca/citations?user=3j08YoAAAAAJ",
  "Stephen Pulman": "https://scholar.google.com/citations?user=dzxbFGgAAAAJ",
  "James Pustejovsky": "https://scholar.google.com/citations?user=56UT_6IAAAAJ",
  "Ella Rabinovich": "https://scholar.google.com/citations?user=x154woMAAAAJ",
  "Dragomir Radev": "https://scholar.google.com/citations?user=vIqWvgwAAAAJ",
  "Marek Rei": "https://scholar.google.ca/citations?user=nNeD95EAAAAJ",
  "Xiang Ren": "https://scholar.google.com/citations?user=_moJlrIAAAAJ",
  "Matthew Richardson": "https://scholar.google.com/citations?user=IT-vb_kAAAAJ",
  "Eric Ringger": "https://scholar.google.com/citations?user=XkkU-hwAAAAJ",
  "Alan Ritter": "https://scholar.google.ca/citations?user=unXtH3IAAAAJ",
  "Brian Roark": "https://scholar.google.com/citations?user=xPjpSs4AAAAJ",
  "Kirk Roberts": "https://scholar.google.com/citations?user=ukBG4CUAAAAJ",
  "Haggai Roitman": "https://scholar.google.com/citations?user=a6h-qIkAAAAJ",
  "Paolo Rosso": "https://scholar.google.ca/citations?user=HFKXPH8AAAAJ",
  "Salim Roukos": "https://scholar.google.com/citations?user=1S7VwIcAAAAJ",
  "Alexander M. Rush": "https://scholar.google.com/citations?user=LIjnUGgAAAAJ",
  "Owen Rambow": "https://scholar.google.com/citations?user=AWNL69MAAAAJ",
  "Ehud Reiter": "https://scholar.google.com/citations?user=Ns0YuP0AAAAJ",
  "Philip Resnik": "https://scholar.google.com/citations?user=71BFWc0AAAAJ",
  "Ellen Riloff": "https://scholar.google.com/citations?user=M1pa3_gAAAAJ",
  "Dan Roth": "https://scholar.google.com/citations?user=E-bpPWgAAAAJ",
  "Frank Rudzicz": "https://scholar.google.com/citations?user=elXOB1sAAAAJ",
  "Chris Quirk": "https://scholar.google.com/citations?user=AvH7tJwAAAAJ",
  "Keisuke Sakaguchi": "https://scholar.google.com/citations?user=6CRBF-MAAAAJ",
  "Anoop Sarkar": "https://scholar.google.com/citations?user=KhJJchQAAAAJ",
  "Natalie Schluter": "https://scholar.google.com/citations?user=9roj6ZEAAAAJ",
  "Satoshi Sekine": "https://scholar.google.com/citations?user=SWOdltsAAAAJ",
  "Izhak Shafran": "https://scholar.google.com/citations?user=4gVbilMMp-AC",
  "Shuming Shi": "https://scholar.google.com/citations?user=Lg31AKMAAAAJ",
  "Stuart Shieber": "https://scholar.google.com/citations?user=oq8WAwsAAAAJ",
  "Chaitanya Shivade": "https://scholar.google.com/citations?user=7H0YYPIAAAAJ",
  "Sameer Singh": "https://scholar.google.com/citations?user=-hGZC54AAAAJ",
  "David A. Smith": "https://scholar.google.com/citations?user=T8k2etUAAAAJ",
  "Noah A. Smith": "https://scholar.google.com/citations?user=TjdFs3EAAAAJ",
  "Richard Socher": "https://scholar.google.com/citations?user=FaOcyfMAAAAJ",
  "Anders Søgaard": "https://scholar.google.com/citations?user=x3I4CrYAAAAJ",
  "Yangqiu Song": "https://scholar.google.com/citations?user=MdQZ-q8AAAAJ",
  "Lucia Specia": "https://scholar.google.com/citations?user=wVl_z8kAAAAJ",
  "Karen Spärck Jones": "http://scholar.google.com/citations?user=HzDsaGYAAAAJ",
  "Richard Sproat": "https://scholar.google.com/citations?user=LNDGglkAAAAJ",
  "Mark Steedman": "https://scholar.google.com/citations?user=ccCd0_YAAAAJ",
  "Katsuhito Sudoh": "https://scholar.google.com/citations?user=F_J3ZBcAAAAJ",
  "Maosong Sun": "https://scholar.google.com/citations?user=zIgT0HMAAAAJ",
  "Xu Sun": "https://scholar.google.com/citations?user=tpXiQkYAAAAJ",
  "Mihai Surdeanu": "https://scholar.google.com/citations?user=a3133-8AAAAJ",
  "Chew Lim Tan": "https://scholar.google.com/citations?user=nmFSOaEAAAAJ",
  "Ben Taskar": "https://scholar.google.com/citations?user=ygFAcZwAAAAJ",
  "Joel Tetreault": "https://scholar.google.com/citations?user=Fn52EXUAAAAJ",
  "Ivan Titov": "https://scholar.google.com/citations?user=FKUc3vsAAAAJ",
  "Kristina Toutanova": "https://scholar.google.com/citations?user=9qY7NPEAAAAJ",
  "David Traum": "https://scholar.google.com/citations?user=evVAmhQAAAAJ",
  "Richard Tzong-Han Tsai": "https://scholar.google.com/citations?user=FEsCHQ0AAAAJ",
  "Junichi Tsujii": "https://scholar.google.com/citations?user=h3aNnAIAAAAJ",
  "Yoshimasa Tsuruoka": "https://scholar.google.com/citations?user=J2CkFngAAAAJ",
  "Zhaopeng Tu": "https://scholar.google.com/citations?user=IvE2zRgAAAAJ",
  "Sowmya Vajjala": "https://scholar.google.com/citations?user=e4UbD1UAAAAJ",
  "Benjamin Van Durme": "https://scholar.google.com/citations?user=wIujAJoAAAAJ",
  "Josef van Genabith": "https://scholar.google.com/citations?user=rl8S6a8AAAAJ",
  "Andreas Vlachos": "https://scholar.google.com/citations?user=XjWnyM4AAAAJ",
  "Stephan Vogel": "https://scholar.google.com/citations?user=BffFdd0AAAAJ",
  "Svitlana Volkova": "https://scholar.google.com/citations?user=DwrriFYAAAAJ",
  "Ivan Vulić": "https://scholar.google.com/citations?user=ZX8js60AAAAJ",
  "Alex Waibel": "https://scholar.google.com/citations?user=uHwTzpYAAAAJ",
  "Byron Wallace": "https://scholar.google.com/citations?user=KTzRHmwAAAAJ",
  "Marilyn Walker": "https://scholar.google.com/citations?user=TMw2-csAAAAJ",
  "William Yang Wang": "https://scholar.google.com/citations?user=gf8Ms_8AAAAJ",
  "Bonnie Webber": "https://scholar.google.com/citations?user=r6JFa28AAAAJ",
  "Furu Wei": "https://scholar.google.com/citations?user=G-V1VpwAAAAJ",
  "Ralph Weischedel": "https://scholar.google.com/citations?user=guhccUcAAAAJ",
  "Jason Weston": "https://scholar.google.com/citations?user=lMkTx0EAAAAJ",
  "Janyce Wiebe": "https://scholar.google.com/citations?user=EDC2EP0AAAAJ",
  "Yorick Wilks": "https://scholar.google.com/citations?user=NsHFYDcAAAAJ",
  "Shuly Wintner": "https://scholar.google.com/citations?user=LFEmlnsAAAAJ",
  "kam-Fai Wong": "https://scholar.google.com/citations?user=fyMni2cAAAAJ",
  "Dekai Wu": "https://scholar.google.com/citations?user=NMkg-64AAAAJ",
  "Fei Xia": "https://scholar.google.com/citations?user=BnVLQFwAAAAJ",
  "Caiming Xiong": "https://scholar.google.com/citations?user=vaSdahkAAAAJ",
  "Wei Xu \"Coco\"": "https://scholar.google.ca/citations?user=BfOdG-oAAAAJ",
  "Rui Yan": "https://scholar.google.com/citations?user=eLw6g-UAAAAJ",
  "Helen Yannakoudakis": "https://scholar.google.com/citations?user=B3WGvRsAAAAJ",
  "David Yarowsky": "https://scholar.google.com/citations?user=gaO-vS4AAAAJ",
  "Scott Wen-tau Yih": "https://scholar.google.com/citations?user=8rDNIMsAAAAJ",
  "Dong Yu": "https://scholar.google.com/citations?user=tMY31_gAAAAJ",
  "Torsten Zesch": "https://scholar.google.com/citations?user=vWeDs00AAAAJ",
  "Luke Zettlemoyer": "https://scholar.google.com/citations?user=UjpbO6IAAAAJ",
  "Yue Zhang": "https://scholar.google.com/citations?user=6hA7WmUAAAAJ",
  "Dongyan Zhao": "https://scholar.google.com/citations?user=lhR8-68AAAAJ",
  "Bowen Zhou": "https://scholar.google.com/citations?user=h3Nsz6YAAAAJ",
  "Guodong Zhou": "https://scholar.google.com/citations?user=KELQj9cAAAAJ",
  "Xiaodan Zhu": "https://scholar.google.com/citations?user=a6MYnuUAAAAJ",
  "Pierre Zweigenbaum": "https://scholar.google.com/citations?user=0LjUNAsAAAAJ"
}
