{
  "AJ Pretorius": "https://scholar.google.com/citations?user=gchw01UAAAAJ&hl=en&oe=ASCII",
  "Adam Perer": "https://scholar.google.com/citations?user=wAxr6b8AAAAJ&hl=en&oe=ASCII",
  "Aditi Majumder": "https://scholar.google.com/citations?user=tXhqJv0AAAAJ&hl=en&oe=ASCII",
  "Aditya Parameswaran": "https://scholar.google.com/citations?user=VeB3UbcAAAAJ&hl=en&oe=ASCII",
  "Aidan Slingsby": "https://scholar.google.com/citations?user=nrV_SNwAAAAJ&hl=en&oe=ASCII",
  "Alan M. MacEachren": "https://scholar.google.com/citations?user=6k3KfDcAAAAJ&hl=en&oe=ASCII",
  "Alex Endert": "https://scholar.google.com/citations?user=_ZIAy3cAAAAJ&hl=en&oe=ASCII",
  "Alex Pang": "https://scholar.google.com/citations?user=wYggXHoAAAAJ&hl=en&oe=ASCII",
  "Alexander Lex": "https://scholar.google.com/citations?user=JFNLCUcAAAAJ&hl=en&oe=ASCII",
  "Alexander Rind": "https://scholar.google.com/citations?user=R48XMTYAAAAJ&hl=en&oe=ASCII",
  "Alfred Inselberg": "https://scholar.google.com/citations?user=7Hb2BKIAAAAJ&hl=en&oe=ASCII",
  "Amitabh Varshney": "https://scholar.google.com/citations?user=b053OdAAAAAJ&hl=en&oe=ASCII",
  "Anastasia Bezerianos": "https://scholar.google.com/citations?user=975a_nYAAAAJ&hl=en&oe=ASCII",
  "Anders Ynnerman": "https://scholar.google.com/citations?user=weNHUSYAAAAJ&hl=en&oe=ASCII",
  "Andreas Butz": "https://scholar.google.com/citations?user=8_z5YpQAAAAJ&hl=en&oe=ASCII",
  "Andreas Kerren": "https://scholar.google.com/citations?user=FJ0hneUAAAAJ&hl=en&oe=ASCII",
  "Aniket Kittur": "https://scholar.google.com/citations?user=2vZ5zRQAAAAJ&hl=en&oe=ASCII",
  "Anthony C. Robinson": "https://scholar.google.com/citations?user=yGUuUc4AAAAJ&hl=en&oe=ASCII",
  "Anushka Anand": "https://scholar.google.com/citations?user=Kpewf04AAAAJ&hl=en&oe=ASCII",
  "Arie Kaufman": "https://scholar.google.com/citations?user=fDdcWBEAAAAJ&hl=en&oe=ASCII",
  "Azam Khan": "https://scholar.google.com/citations?user=xODsu2YAAAAJ&hl=en&oe=ASCII",
  "Baining Guo": "https://scholar.google.com/citations?user=h4kYmRYAAAAJ&hl=en&oe=ASCII",
  "Ben Shneiderman": "https://scholar.google.com/citations?user=h4i4fh8AAAAJ&hl=en&oe=ASCII",
  "Benjamin Watson": "https://scholar.google.com/citations?user=yfYYAMQAAAAJ&hl=en&oe=ASCII",
  "Berk Geveci": "https://scholar.google.com/citations?user=IBOZl-oAAAAJ&hl=en&oe=ASCII",
  "Bernd Froehlich": "https://scholar.google.com/citations?user=xkrZ7MYAAAAJ&hl=en&oe=ASCII",
  "Bernhard Preim": "https://scholar.google.com/citations?user=iz7UUN4AAAAJ&hl=en&oe=ASCII",
  "Bernice Rogowitz": "https://scholar.google.com/citations?user=METzusIAAAAJ&hl=en&oe=ASCII",
  "Bill Howe": "https://scholar.google.com/citations?user=dQ-x9NQAAAAJ&hl=en&oe=ASCII",
  "Bongshin Lee": "https://scholar.google.com/citations?user=IozWtK0AAAAJ&hl=en&oe=ASCII",
  "Brian Fisher": "https://scholar.google.com/citations?user=1NGZwzoAAAAJ&hl=en&oe=ASCII",
  "Brian Johnson": "https://scholar.google.com/citations?user=SUpteY0AAAAJ&hl=en&oe=ASCII",
  "Brian Ondov": "https://scholar.google.com/citations?user=bPyA99MAAAAJ&hl=en&oe=ASCII",
  "Bruno Pinaud": "https://scholar.google.com/citations?user=mfnUdHMAAAAJ&hl=en&oe=ASCII",
  "Bum Chul Kwon": "https://scholar.google.com/citations?user=5jIJb38AAAAJ&hl=en&oe=ASCII",
  "Cagatay Turkay": "https://scholar.google.com/citations?user=ho0I_1kAAAAJ&hl=en&oe=ASCII",
  "Carlos Correa": "https://scholar.google.com/citations?user=-Km_NFkAAAAJ&hl=en&oe=ASCII",
  "Carlos Scheidegger": "https://scholar.google.com/citations?user=8uHMJjsAAAAJ&hl=en&oe=ASCII",
  "Carsten Görg": "https://scholar.google.com/citations?user=kQkwf5wAAAAJ&hl=en&oe=ASCII",
  "Catherine Plaisant": "https://scholar.google.com/citations?user=VnwWgwIAAAAJ&hl=en&oe=ASCII",
  "Cecilia Aragon": "https://scholar.google.com/citations?user=BM_qLgYAAAAJ&hl=en&oe=ASCII",
  "Chad A. Steed": "https://scholar.google.com/citations?user=DF2gMWkAAAAJ&hl=en&oe=ASCII",
  "Chaoli Wang": "https://scholar.google.com/citations?user=z13bIdkAAAAJ&hl=en&oe=ASCII",
  "Chaomei Chen": "https://scholar.google.com/citations?user=IjN4HSRsdakC&hl=en&oe=ASCII",
  "Chris D. Shaw": "https://scholar.google.com/citations?user=1hBKIIQAAAAJ&hl=en&oe=ASCII",
  "Chris North": "https://scholar.google.com/citations?user=yBZ7vtkAAAAJ&hl=en&oe=ASCII",
  "Chris Weaver": "https://scholar.google.com/citations?user=SrIEIUgAAAAJ&hl=en&oe=ASCII",
  "Christian Tominski": "https://scholar.google.com/citations?user=gWvyyjAAAAAJ&hl=en&oe=ASCII",
  "Christin Seifert": "https://scholar.google.com/citations?user=aK6ZccUAAAAJ&hl=en&oe=ASCII",
  "Christophe Hurter": "https://scholar.google.com/citations?user=ScJxotEAAAAJ&hl=en&oe=ASCII",
  "Christopher Andrews": "https://scholar.google.com/citations?user=fSvEhCEAAAAJ&hl=en&oe=ASCII",
  "Christopher Collins": "https://scholar.google.com/citations?user=yHRw4eMAAAAJ&hl=en&oe=ASCII",
  "Christopher G. Healey": "https://scholar.google.com/citations?user=dd1qLRcAAAAJ&hl=en&oe=ASCII",
  "Christopher R. Wren": "https://scholar.google.com/citations?user=zXhuhtwAAAAJ&hl=en&oe=ASCII",
  "Claudio T. Silva": "https://scholar.google.com/citations?user=YIwiAAsAAAAJ&hl=en&oe=ASCII",
  "Cody Dunne": "https://scholar.google.com/citations?user=qDjyCz8AAAAJ&hl=en&oe=ASCII",
  "Colin Ware": "https://scholar.google.com/citations?user=e6C_dHAAAAAJ&hl=en&oe=ASCII",
  "Corinna Vehlow": "https://scholar.google.com/citations?user=9Ay6Qr8AAAAJ&hl=en&oe=ASCII",
  "Daniel Archambault": "https://scholar.google.com/citations?user=DwSNWBoAAAAJ&hl=en&oe=ASCII",
  "Daniel G. Aliaga": "https://scholar.google.com/citations?user=Bj5YOnYAAAAJ&hl=en&oe=ASCII",
  "Daniel Keim": "https://scholar.google.com/citations?user=YJm9he0AAAAJ&hl=en&oe=ASCII",
  "Daniel Weiskopf": "https://scholar.google.com/citations?user=sclEgM4AAAAJ&hl=en&oe=ASCII",
  "Danny Holten": "https://scholar.google.com/citations?user=Inz4YV4AAAAJ&hl=en&oe=ASCII",
  "Danyel Fisher": "https://scholar.google.com/citations?user=8Wq9hTEAAAAJ&hl=en&oe=ASCII",
  "David Auber": "https://scholar.google.com/citations?user=aiWWFIgAAAAJ&hl=en&oe=ASCII",
  "David Gotz": "https://scholar.google.com/citations?user=qybJ3GoAAAAJ&hl=en&oe=ASCII",
  "David Koop": "https://scholar.google.com/citations?user=2T5fDJQAAAAJ&hl=en&oe=ASCII",
  "David S. Ebert": "https://scholar.google.com/citations?user=fD3JviYAAAAJ&hl=en&oe=ASCII",
  "Dennis Thom": "https://scholar.google.com/citations?user=YfF3p4UAAAAJ&hl=en&oe=ASCII",
  "Deok Gun Park": "https://scholar.google.com/citations?user=cK1bhQUAAAAJ&hl=en&oe=ASCII",
  "Dieter Schmalstieg": "https://scholar.google.com/citations?user=xXu8K6IAAAAJ&hl=en&oe=ASCII",
  "Dou Wenwen": "https://scholar.google.com/citations?user=NRrQjcIAAAAJ&hl=en&oe=ASCII",
  "Geoffrey Ellis": "https://scholar.google.com/citations?user=XZj_UpIAAAAJ&hl=en&oe=ASCII",
  "Haim Levkowitz": "https://scholar.google.com/citations?user=FY4afxkAAAAJ&hl=en&oe=ASCII",
  "Duen Horng (Polo) Chau": "https://scholar.google.com/citations?user=YON32W4AAAAJ&hl=en&oe=ASCII",
  "Eamonn Maguire": "https://scholar.google.com/citations?user=_9h929YAAAAJ&hl=en&oe=ASCII",
  "Eduard Gröller": "https://scholar.google.com/citations?user=eBsjFlIAAAAJ&hl=en&oe=ASCII",
  "Emmanuel Pietriga": "https://scholar.google.com/citations?user=H19l7WoAAAAJ&hl=en&oe=ASCII",
  "Enrico Bertini": "https://scholar.google.com/citations?user=_jGHG0IAAAAJ&hl=en&oe=ASCII",
  "Eric Ragan": "https://scholar.google.com/citations?user=VT7D6oYAAAAJ&hl=en&oe=ASCII",
  "Eser Kandogan": "https://scholar.google.com/citations?user=J08pnbAAAAAJ&hl=en&oe=ASCII",
  "Eugene Zhang": "https://scholar.google.com/citations?user=hbrClrEAAAAJ&hl=en&oe=ASCII",
  "Fabian Beck": "https://scholar.google.com/citations?user=B-gARo8AAAAJ&hl=en&oe=ASCII",
  "Fabian Fischer": "https://scholar.google.com/citations?user=uXspw5wAAAAJ&hl=en&oe=ASCII",
  "Fabrice Rossi": "https://scholar.google.com/citations?user=SrbBAwcAAAAJ&hl=en&oe=ASCII",
  "Fanny Chevalier": "https://scholar.google.com/citations?user=qc6jW8sAAAAJ&hl=en&oe=ASCII",
  "Florian Heimerl": "https://scholar.google.com/citations?user=d5jlNiIAAAAJ&hl=en&oe=ASCII",
  "Florian Mansmann": "https://scholar.google.com/citations?user=_r0VrR8AAAAJ&hl=en&oe=ASCII",
  "Frank van Ham": "https://scholar.google.com/citations?user=fJc5go8AAAAJ&hl=en&oe=ASCII",
  "Frederic Vernier": "https://scholar.google.com/citations?user=4cNAhXEAAAAJ&hl=en&oe=ASCII",
  "Gennady Andrienko": "https://scholar.google.com/citations?user=R370BREAAAAJ&hl=en&oe=ASCII",
  "Georges Grinstein": "https://scholar.google.com/citations?user=7yqJjsgAAAAJ&hl=en&oe=ASCII",
  "Gerik Scheuermann": "https://scholar.google.com/citations?user=FXZzosEAAAAJ&hl=en&oe=ASCII",
  "Giuseppe Santucci": "https://scholar.google.com/citations?user=_dS6nXMAAAAJ&hl=en&oe=ASCII",
  "Göran Falkman": "https://scholar.google.com/citations?user=smG2TWsAAAAJ&hl=en&oe=ASCII",
  "Haesun Park": "https://scholar.google.com/citations?user=G6kA1CMAAAAJ&hl=en&oe=ASCII",
  "Haeyong Chung": "https://scholar.google.com/citations?user=tths4U4AAAAJ&hl=en&oe=ASCII",
  "Han-Wei Shen": "https://scholar.google.com/citations?user=95Z6-isAAAAJ&hl=en&oe=ASCII",
  "Hans-Christian Hege": "https://scholar.google.com/citations?user=KutvIS8AAAAJ&hl=en&oe=ASCII",
  "Hans-Christian Jetter": "https://scholar.google.com/citations?user=KJ10IE0AAAAJ&hl=en&oe=ASCII",
  "Hans-Jörg Schulz": "https://scholar.google.com/citations?user=FJKZr4sAAAAJ&hl=en&oe=ASCII",
  "Hanseung Lee": "https://scholar.google.com/citations?user=DdhlAfgAAAAJ&hl=en&oe=ASCII",
  "Hanspeter Pfister": "https://scholar.google.com/citations?user=tvBEoaMAAAAJ&hl=en&oe=ASCII",
  "Harald Piringer": "https://scholar.google.com/citations?user=qEA4ADYAAAAJ&hl=en&oe=ASCII",
  "Harald Reiterer": "https://scholar.google.com/citations?user=nIYeV-wAAAAJ&hl=en&oe=ASCII",
  "Harri Siirtola": "https://scholar.google.com/citations?user=Qna5fv8AAAAJ&hl=en&oe=ASCII",
  "Harry Hochheiser": "https://scholar.google.com/citations?user=p6z7sL4AAAAJ&hl=en&oe=ASCII",
  "Heidrun Schumann": "https://scholar.google.com/citations?user=nNu_MvYAAAAJ&hl=en&oe=ASCII",
  "Heike Leitte": "https://scholar.google.com/citations?user=DuiWf98AAAAJ&hl=en&oe=ASCII",
  "Helmut Doleisch": "https://scholar.google.com/citations?user=ueYHJFcAAAAJ&hl=en&oe=ASCII",
  "Helwig Hauser": "https://scholar.google.com/citations?user=x4jXO7AAAAAJ&hl=en&oe=ASCII",
  "Hendrik Strobelt": "https://scholar.google.com/citations?user=H4vEe_oAAAAJ&hl=en&oe=ASCII",
  "Holger Theisel": "https://scholar.google.com/citations?user=oREmACAAAAAJ&hl=en&oe=ASCII",
  "Huub van de Wetering": "https://scholar.google.com/citations?user=syCsFHkAAAAJ&hl=en&oe=ASCII",
  "Ilir Jusufi": "https://scholar.google.com/citations?user=69xkZy0AAAAJ&hl=en&oe=ASCII",
  "Issei Fujishiro": "https://scholar.google.com/citations?user=0bnysWMAAAAJ&hl=en&oe=ASCII",
  "Ivan Viola": "https://scholar.google.com/citations?user=ELMPg_gAAAAJ&hl=en&oe=ASCII",
  "J. Edward Swan II": "https://scholar.google.com/citations?user=nEkOy0sAAAAJ&hl=en&oe=ASCII",
  "Jaegul Choo": "https://scholar.google.com/citations?user=GHJYsLEAAAAJ&hl=en&oe=ASCII",
  "James Foley": "https://scholar.google.com/citations?user=GmcChLIAAAAJ&hl=en&oe=ASCII",
  "Jan Aerts": "https://scholar.google.com/citations?user=JVaeofwAAAAJ&hl=en&oe=ASCII",
  "Jang Yun": "https://scholar.google.com/citations?user=rAP0qbgAAAAJ&hl=en&oe=ASCII",
  "Jarke J. van Wijk": "https://scholar.google.com/citations?user=1F_eX28AAAAJ&hl=en&oe=ASCII",
  "Jason Chuang": "https://scholar.google.com/citations?user=7f6wto8AAAAJ&hl=en&oe=ASCII",
  "Jason Dykes": "https://scholar.google.com/citations?user=oLOjCQoAAAAJ&hl=en&oe=ASCII",
  "Jason Leigh": "https://scholar.google.com/citations?user=5KgriYAAAAAJ&hl=en&oe=ASCII",
  "Jean-Daniel Fekete": "https://scholar.google.com/citations?user=PMZ3h7sAAAAJ&hl=en&oe=ASCII",
  "Jeffrey Heer": "https://scholar.google.com/citations?user=vlgs4G4AAAAJ&hl=en&oe=ASCII",
  "Jens Krüger": "https://scholar.google.com/citations?user=w87pmH4AAAAJ&hl=en&oe=ASCII",
  "Ji Soo Yi": "https://scholar.google.com/citations?user=LqWIQ8kAAAAJ&hl=en&oe=ASCII",
  "Jimmy Johansson": "https://scholar.google.com/citations?user=wxSqIuoAAAAJ&hl=en&oe=ASCII",
  "Jing Yang": "https://scholar.google.com/citations?user=r1jAycQAAAAJ&hl=en&oe=ASCII",
  "Jo Wood": "https://scholar.google.com/citations?user=IySbkVoAAAAJ&hl=en&oe=ASCII",
  "Jock D. Mackinlay": "https://scholar.google.com/citations?user=SWworh8AAAAJ&hl=en&oe=ASCII",
  "Johannes Kehrer": "https://scholar.google.com/citations?user=klNICrQAAAAJ&hl=en&oe=ASCII",
  "John Goodall": "https://scholar.google.com/citations?user=wRgcV8EAAAAJ&hl=en&oe=ASCII",
  "John Stasko": "https://scholar.google.com/citations?user=2PxFftgAAAAJ&hl=en&oe=ASCII",
  "Jonathan C. Roberts": "https://scholar.google.com/citations?user=ienYJUQAAAAJ&hl=en&oe=ASCII",
  "Jos Roerdink": "https://scholar.google.com/citations?user=jCFYHlkAAAAJ&hl=en&oe=ASCII",
  "Juergen Ziegler": "https://scholar.google.com/citations?user=UD-ha3YAAAAJ&hl=en&oe=ASCII",
  "Juliana Freire": "https://scholar.google.com/citations?user=sSzAlq0AAAAJ&hl=en&oe=ASCII",
  "Junghoon Chae": "https://scholar.google.com/citations?user=98-9pVkAAAAJ&hl=en&oe=ASCII",
  "Jörn Kohlhammer": "https://scholar.google.com/citations?user=4pN6KrgAAAAJ&hl=en&oe=ASCII",
  "Jürgen Bernard": "https://scholar.google.com/citations?user=i5z-gVAAAAAJ&hl=en&oe=ASCII",
  "Kai Xu": "https://scholar.google.com/citations?user=sTfJNSIAAAAJ&hl=en&oe=ASCII",
  "Kalpathi Subramanian": "https://scholar.google.com/citations?user=dKJr2vwAAAAJ&hl=en&oe=ASCII",
  "Kamran Sedig": "https://scholar.google.com/citations?user=NTTQNNoAAAAJ&hl=en&oe=ASCII",
  "Karen B. Schloss": "https://scholar.google.com/citations?user=5KHbJ8kAAAAJ&hl=en&oe=ASCII",
  "Katy Borner": "https://scholar.google.com/citations?user=YirSp_cAAAAJ&hl=en&oe=ASCII",
  "Ken Brodlie": "https://scholar.google.com/citations?user=E0UaFAIAAAAJ&hl=en&oe=ASCII",
  "Kent Wittenburg": "https://scholar.google.com/citations?user=_FnaJkgAAAAJ&hl=en&oe=ASCII",
  "Klaus Hinrichs": "https://scholar.google.com/citations?user=3MoFx1UAAAAJ&hl=en&oe=ASCII",
  "Klaus Mueller": "https://scholar.google.com/citations?user=uya_Zb4AAAAJ&hl=en&oe=ASCII",
  "Kresimir Matkovic": "https://scholar.google.com/citations?user=Mvx_Jg8AAAAJ&hl=en&oe=ASCII",
  "Krist Wongsuphasawat": "https://scholar.google.com/citations?user=s9B5sagAAAAJ&hl=en&oe=ASCII",
  "Kristin Potter": "https://scholar.google.com/citations?user=uYkNjF8AAAAJ&hl=en&oe=ASCII",
  "Kwan-Liu Ma": "https://scholar.google.com/citations?user=LgL2HpkAAAAJ&hl=en&oe=ASCII",
  "Lyn Bartram": "https://scholar.google.com/citations?user=M1zE2PwAAAAJ&hl=en&oe=ASCII",
  "Maneesh Agrawala": "https://scholar.google.com/citations?user=YPzKczYAAAAJ&hl=en&oe=ASCII",
  "Manuel Freire": "https://scholar.google.com/citations?user=6Adqk6EAAAAJ&hl=en&oe=ASCII",
  "Marc Smith": "https://scholar.google.com/citations?user=9Usm_wIAAAAJ&hl=en&oe=ASCII",
  "Marc Streit": "https://scholar.google.com/citations?user=l7TTSP0AAAAJ&hl=en&oe=ASCII",
  "Maria Cristina Ferreira de Oliveira": "https://scholar.google.com/citations?user=vhRUZogAAAAJ&hl=en&oe=ASCII",
  "Marian Dörk": "https://scholar.google.com/citations?user=pDg8ZMAAAAAJ&hl=en&oe=ASCII",
  "Markus Hadwiger": "https://scholar.google.com/citations?user=wmx7KVUAAAAJ&hl=en&oe=ASCII",
  "Martin Kraus": "https://scholar.google.com/citations?user=YkM6sYoAAAAJ&hl=en&oe=ASCII",
  "Martin Wattenberg": "https://scholar.google.com/citations?user=pv54dqMAAAAJ&hl=en&oe=ASCII",
  "Matthew Ward": "https://scholar.google.com/citations?user=EMOe15MAAAAJ&hl=en&oe=ASCII",
  "Melanie Tory": "https://scholar.google.com/citations?user=cKMhiMkAAAAJ&hl=en&oe=ASCII",
  "Michael Burch": "https://scholar.google.com/citations?user=7xhlPKIAAAAJ&hl=en&oe=ASCII",
  "Michael E. Papka": "https://scholar.google.com/citations?user=pQwfBFwAAAAJ&hl=en&oe=ASCII",
  "Michael Gleicher": "https://scholar.google.com/citations?user=kDkH9UkAAAAJ&hl=en&oe=ASCII",
  "Michael J. McGuffin": "https://scholar.google.com/citations?user=6HubqR8AAAAJ&hl=en&oe=ASCII",
  "Michael Sedlmair": "https://scholar.google.com/citations?user=objnJXoAAAAJ&hl=en&oe=ASCII",
  "Michel A. Westenberg": "https://scholar.google.com/citations?user=5eK84bMAAAAJ&hl=en&oe=ASCII",
  "Miguel Angel Nacenta": "https://scholar.google.com/citations?user=M_Ne0psAAAAJ&hl=en&oe=ASCII",
  "Mike Bostock": "https://scholar.google.com/citations?user=uCCt-voAAAAJ&hl=en&oe=ASCII",
  "Milos Krstajic": "https://scholar.google.com/citations?user=S8-0mxsAAAAJ&hl=en&oe=ASCII",
  "Mohammad Ghoniem": "https://scholar.google.com/citations?user=7EbOunsAAAAJ&hl=en&oe=ASCII",
  "Nadia Boukhelifa": "https://scholar.google.com/citations?user=t-6tRgkAAAAJ&hl=en&oe=ASCII",
  "Nan Cao": "https://scholar.google.com/citations?user=5I0mFcsAAAAJ&hl=en&oe=ASCII",
  "Natalia Andrienko": "https://scholar.google.com/citations?user=t8LK29QAAAAJ&hl=en&oe=ASCII",
  "Nathalie Henry Riche": "https://scholar.google.com/citations?user=HH02qY4AAAAJ&hl=en&oe=ASCII",
  "Niklas Elmqvist": "https://scholar.google.com/citations?user=LoQXe24AAAAJ&hl=en&oe=ASCII",
  "Nivan Ferreira": "https://scholar.google.com/citations?user=aXnmMnkAAAAJ&hl=en&oe=ASCII",
  "Oliver Deussen": "https://scholar.google.com/citations?user=y3j0c80AAAAJ&hl=en&oe=ASCII",
  "PC Wong": "https://scholar.google.com/citations?user=OJLaa1wAAAAJ&hl=en&oe=ASCII",
  "Pak Chung Wong": "https://scholar.google.com/citations?user=l9ysrkUAAAAJ&hl=en&oe=ASCII",
  "Paolo Buono": "https://scholar.google.com/citations?user=vvyIEqwAAAAJ&hl=en&oe=ASCII",
  "Patrick Hanrahan": "https://scholar.google.com/citations?user=RzEnQmgAAAAJ&hl=en&oe=ASCII",
  "Peer-Timo Bremer": "https://scholar.google.com/citations?user=iClYqcQAAAAJ&hl=en&oe=ASCII",
  "Peter Bak": "https://scholar.google.com/citations?user=8Eo4hJMAAAAJ&hl=en&oe=ASCII",
  "Peter Lindstrom": "https://scholar.google.com/citations?user=mGuSD6gAAAAJ&hl=en&oe=ASCII",
  "Peter Wonka": "https://scholar.google.com/citations?user=0EKXSXgAAAAJ&hl=en&oe=ASCII",
  "Petra Isenberg (Neumann)": "https://scholar.google.com/citations?user=mw0_aLoAAAAJ&hl=en&oe=ASCII",
  "Pierre Dragicevic": "https://scholar.google.com/citations?user=hqyns68AAAAJ&hl=en&oe=ASCII",
  "Pourang Irani": "https://scholar.google.com/citations?user=lPYUHkIAAAAJ&hl=en&oe=ASCII",
  "R. Jordan Crouser": "https://scholar.google.com/citations?user=xWnnHzYAAAAJ&hl=en&oe=ASCII",
  "Radu Jianu": "https://scholar.google.com/citations?user=z1YqlisAAAAJ&hl=en&oe=ASCII",
  "Rae Earnshaw": "https://scholar.google.com/citations?user=iinXWIIAAAAJ&hl=en&oe=ASCII",
  "Raghu Machiraju": "https://scholar.google.com/citations?user=HHialjcAAAAJ&hl=en&oe=ASCII",
  "Raimund Dachselt": "https://scholar.google.com/citations?user=4SXviVAAAAAJ&hl=en&oe=ASCII",
  "Remco Chang": "https://scholar.google.com/citations?user=Q29WmWwAAAAJ&hl=en&oe=ASCII",
  "Renaud Blanch": "https://scholar.google.com/citations?user=ikzKbz8AAAAJ&hl=en&oe=ASCII",
  "Rita Borgo": "https://scholar.google.com/citations?user=OtAll0cAAAAJ&hl=en&oe=ASCII",
  "Robert Ball": "https://scholar.google.com/citations?user=A4nm80EAAAAJ&hl=en&oe=ASCII",
  "Robert E. Roth": "https://scholar.google.com/citations?user=MfS1CGwAAAAJ&hl=en&oe=ASCII",
  "Robert Kincaid": "https://scholar.google.com/citations?user=bWsI6ZYAAAAJ&hl=en&oe=ASCII",
  "Robert Kosara": "https://scholar.google.com/citations?user=7BS9z-kAAAAJ&hl=en&oe=ASCII",
  "Robert M. Kirby OR RM Kirby": "https://scholar.google.com/citations?user=IATz8BMAAAAJ&hl=en&oe=ASCII",
  "Roberto Theron": "https://scholar.google.com/citations?user=SdkXXMAAAAAJ&hl=en&oe=ASCII",
  "Roger Crawfis": "https://scholar.google.com/citations?user=Id792TsAAAAJ&hl=en&oe=ASCII",
  "Roland Fernandez": "https://scholar.google.com/citations?user=4__jyWsAAAAJ&hl=en&oe=ASCII",
  "Romain Vuillemot": "https://scholar.google.com/citations?user=MzX_xoUAAAAJ&hl=en&oe=ASCII",
  "Ronald A. Rensink": "https://scholar.google.com/citations?user=s_5xXxQXpU0C&hl=en&oe=ASCII",
  "Ronald Metoyer": "https://scholar.google.com/citations?user=GgKnNwEAAAAJ&hl=en&oe=ASCII",
  "Ross Maciejewski": "https://scholar.google.com/citations?user=nChgOjEAAAAJ&hl=en&oe=ASCII",
  "Sean D. Ahern": "https://scholar.google.com/citations?user=QOb3TaEAAAAJ&hl=en&oe=ASCII",
  "Senthil Chandrasegaran": "https://scholar.google.com/citations?user=mq_lBSQAAAAJ&hl=en&oe=ASCII",
  "Seok-Hee Hong": "https://scholar.google.com/citations?user=ctnBV1kAAAAJ&hl=en&oe=ASCII",
  "Sheelagh Carpendale": "https://scholar.google.com/citations?user=43LLX2kAAAAJ&hl=en&oe=ASCII",
  "Shixia Liu": "https://scholar.google.com/citations?user=ZYDz2GIAAAAJ&hl=en&oe=ASCII",
  "Silvia Miksch": "https://scholar.google.com/citations?user=1ikFBekAAAAJ&hl=en&oe=ASCII",
  "Staffan Björk": "https://scholar.google.com/citations?user=0GYNOvkAAAAJ&hl=en&oe=ASCII",
  "Stefan Bruckner": "https://scholar.google.com/citations?user=23uJZDoAAAAJ&hl=en&oe=ASCII",
  "Steffen Koch": "https://scholar.google.com/citations?user=lwBW7xUAAAAJ&hl=en&oe=ASCII",
  "Steffen Lohmann": "https://scholar.google.com/citations?user=H3kGbb4AAAAJ&hl=en&oe=ASCII",
  "Steffen Oeltze-Jafra": "https://scholar.google.com/citations?user=th08KLYAAAAJ&hl=en&oe=ASCII",
  "Stephan Diehl": "https://scholar.google.com/citations?user=3h8Dqg0AAAAJ&hl=en&oe=ASCII",
  "Stephen Kobourov": "https://scholar.google.com/citations?user=P21gHIkAAAAJ&hl=en&oe=ASCII",
  "Stephen North": "https://scholar.google.com/citations?user=_QJP9-0AAAAJ&hl=en&oe=ASCII",
  "Steven Drucker": "https://scholar.google.com/citations?user=4LaKRrwAAAAJ&hl=en&oe=ASCII",
  "TJ Jankun-Kelly": "https://scholar.google.com/citations?user=KKzGz-YAAAAJ&hl=en&oe=ASCII",
  "Takayuki Itoh": "https://scholar.google.com/citations?user=KCf-eYMAAAAJ&hl=en&oe=ASCII",
  "Tamara Munzner": "https://scholar.google.com/citations?user=c2Att08AAAAJ&hl=en&oe=ASCII",
  "Tatiana von Landesberger (Tekušová)": "https://scholar.google.com/citations?user=63UiPj0AAAAJ&hl=en&oe=ASCII",
  "Theresa-Marie Rhyne": "https://scholar.google.com/citations?user=FrsBdpMAAAAJ&hl=en&oe=ASCII",
  "Thomas Ertl": "https://scholar.google.com/citations?user=qFQ9jHkAAAAJ&hl=en&oe=ASCII",
  "Tim Dwyer": "https://scholar.google.com/citations?user=cOEUhBAAAAAJ&hl=en&oe=ASCII",
  "Timo Ropinski": "https://scholar.google.com/citations?user=FuY-lbcAAAAJ&hl=en&oe=ASCII",
  "Tino Weinkauf": "https://scholar.google.com/citations?user=ZS5iEecAAAAJ&hl=en&oe=ASCII",
  "Tobias Isenberg": "https://scholar.google.com/citations?user=e09cpQUAAAAJ&hl=en&oe=ASCII",
  "Tobias Schreck": "https://scholar.google.com/citations?user=9cJsSIIAAAAJ&hl=en&oe=ASCII",
  "Torsten Möller": "https://scholar.google.com/citations?user=3cGVmqsAAAAJ&hl=en&oe=ASCII",
  "Ulrik Brandes": "https://scholar.google.com/citations?user=fmmZrwgAAAAJ&hl=en&oe=ASCII",
  "Uta Hinrichs": "https://scholar.google.com/citations?user=kGPAR0YAAAAJ&hl=en&oe=ASCII",
  "Victoria Interrante": "https://scholar.google.com/citations?user=vQQOZVgAAAAJ&hl=en&oe=ASCII",
  "Waqas Javed": "https://scholar.google.com/citations?user=W93oIC8AAAAJ&hl=en&oe=ASCII",
  "Wei Chen": "https://scholar.google.com/citations?user=EgQyYGUAAAAJ&hl=en&oe=ASCII",
  "Werner Purgathofer": "https://scholar.google.com/citations?user=YhgdWv8AAAAJ&hl=en&oe=ASCII",
  "Wesley Willett": "https://scholar.google.com/citations?user=Q17-rckAAAAJ&hl=en&oe=ASCII",
  "William Wright": "https://scholar.google.com/citations?user=bW660fgAAAAJ&hl=en&oe=ASCII",
  "Wolfgang Aigner": "https://scholar.google.com/citations?user=_HB1_T4AAAAJ&hl=en&oe=ASCII",
  "Wouter Meuleman": "https://scholar.google.com/citations?user=ZUj5GLoAAAAJ&hl=en&oe=ASCII",
  "Xavier Tricoche": "https://scholar.google.com/citations?user=iL-hxJoAAAAJ&hl=en&oe=ASCII",
  "Xiaoru Yuan": "https://scholar.google.com/citations?user=mJJVqRYAAAAJ&hl=en&oe=ASCII",
  "Xiaoyu Wang": "https://scholar.google.com/citations?user=C7ZauPMAAAAJ&hl=en&oe=ASCII",
  "Xiuying Wang": "https://scholar.google.com/citations?user=K8lVq1YAAAAJ&hl=en&oe=ASCII",
  "Yarden Livnat": "https://scholar.google.com/citations?user=Vd29FvkAAAAJ&hl=en&oe=ASCII",
  "Yedendra babu Shrinivasan": "https://scholar.google.com/citations?user=MVZC8ZcAAAAJ&hl=en&oe=ASCII",
  "Yingcai Wu": "https://scholar.google.com/citations?user=2eQFlqsAAAAJ&hl=en&oe=ASCII",
  "Youn-ah Kang": "https://scholar.google.com/citations?user=lP2bIG4AAAAJ&hl=en&oe=ASCII",
  "Yvonne Jansen": "https://scholar.google.com/citations?user=WM1ClEoAAAAJ&hl=en&oe=ASCII",
  "Zhicheng Liu": "https://scholar.google.com/citations?user=rRCnB0wAAAAJ&hl=en&oe=ASCII",
  "weiwei cui": "https://scholar.google.com/citations?user=09LealQAAAAJ&hl=en&oe=ASCII",
  "Çağatay Demiralp": "https://scholar.google.com/citations?user=8fFjYbwAAAAJ&hl=en&oe=ASCII"
}
