{
  "Eytan Adar": "http://scholar.google.com/citations?user=4tMapHYAAAAJ",
  "Qingyao Ai": "https://scholar.google.com/citations?user=UKqaI5IAAAAJ",
  "Dyaa Albakour": "https://scholar.google.com/citations?user=3sjbpokAAAAJ",
  "James Allan": "http://scholar.google.com/citations?user=-bLGeg0AAAAJ",
  "Ismail Sengor Altingovde": "http://scholar.google.com/citations?user=o0sH4_AAAAAJ",
  "Robin Aly": "https://scholar.google.com/citations?user=wL5km8kAAAAJ",
  "Eugene Agichtein": "http://scholar.google.com/citations?user=3BX3vWcAAAAJ",
  "Dyaa Albakour": "http://scholar.google.it/citations?user=3sjbpokAAAAJ",
  "Giambattista Amati": "http://scholar.google.com/citations?user=zKahuscAAAAJ",
  "Enrique Amigó": "http://scholar.google.com/citations?user=bKozrvsAAAAJ",
  "Massih-Reza Amini": "https://scholar.google.com/citations?user=TAfVg4wAAAAJ",
  "Maik Anderka": "https://scholar.google.com/citations?user=yFDwuCQAAAAJ",
  "Benczúr András": "http://scholar.google.com/citations?user=bPbaq5UAAAAJ",
  "Avi Arampatzis": "http://scholar.google.com/citations?user=D31o7oUAAAAJ",
  "Jaime Arguello": "http://scholar.google.com/citations?user=q7foMK4AAAAJ",
  "Javed Aslam": "http://scholar.google.com/citations?user=-spRnaQAAAAJ",
  "Azin Ashkan": "https://scholar.google.com/citations?user=2Q3opAIAAAAJ",
  "Giuseppe Attardi": "http://scholar.google.com/citations?user=p86Ewsi7jXwJ",
  "Ahmed Hassan Awadallah": "https://scholar.google.com/citations?user=sNGk-9MAAAAJ",
  "Leif Azzopardi": "http://scholar.google.com/citations?user=TmvrscMAAAAJ",
  "Peter Bailey": "http://scholar.google.com/citations?user=pljEzzAAAAAJ",
  "Ricardo Baeza-Yates": "http://scholar.google.com/citations?user=v9xULZwAAAAJ",
  "Krisztian Balog": "http://scholar.google.com/citations?user=1z918TYAAAAJ",
  "Alvaro Barreiro": "http://scholar.google.com/citations?user=73tqFdsAAAAJ",
  "Roberto Basili": "http://scholar.google.com/citations?user=U1A22fYAAAAJ",
  "Hannah Bast": "https://scholar.google.com/citations?user=hqSjLE8AAAAJ",
  "Luca Becchetti": "http://scholar.google.com/citations?user=EEVf5wEAAAAJ",
  "Joeran Beel": "https://scholar.google.com/citations?user=jyXACVcAAAAJ",
  "Nicholas Belkin": "https://scholar.google.com/citations?user=0K0G50IAAAAJ",
  "Michael Bendersky": "http://scholar.google.com/citations?user=C9mxM5IAAAAJ",
  "Paul N. Bennett": "http://scholar.google.com/citations?user=AIncPrIAAAAJ",
  "Klaus Berberich": "http://scholar.google.com/citations?user=4MDT20wAAAAJ",
  "Sumit Bhatia": "http://scholar.google.com/citations?user=8HVTWNkAAAAJ",
  "Asia J. Biega": "https://scholar.google.com/citations?user=Whr_kkwAAAAJ",
  "Roi Blanco": "http://scholar.google.com/citations?user=Kmt375YAAAAJ",
  "Toine Bogers": "https://scholar.google.com/citations?user=zgPK5UAAAAAJ",
  "Paolo Boldi": "http://scholar.google.com/citations?user=i6eM4oYAAAAJ",
  "Mohand Boughanem": "https://scholar.google.com/citations?user=KKrsEQQAAAAJ",
  "Leonid Boytsov": "https://scholar.google.com/citations?user=I79y2i4AAAAJ",
  "Andrei Broder": "http://scholar.google.com/citations?user=7b858c0AAAAJ",
  "Marc Bron": "https://scholar.google.com/citations?user=CKPiLqcAAAAJ",
  "Peter Brusilovsky": "http://scholar.google.com/citations?user=s6RpNfAAAAAJ",
  "Peter Bruza": "http://scholar.google.com/citations?user=N8QpuP8AAAAJ",
  "Guillaume Cabanac": "https://scholar.google.com/citations?user=4dp38PkAAAAJ",
  "Fidel Cacheda": "http://scholar.google.com/citations?user=2DxRhkwAAAAJ",
  "David Carmel": "http://scholar.google.com/citations?user=LI8JbiIAAAAJ",
  "Pável Calado": "https://scholar.google.com/citations?user=7Udj_YAAAAAJ",
  "Jamie Callan": "http://scholar.google.com/citations?user=Un5KXJ4AAAAJ",
  "Berkant Barla Cambazoglu": "http://scholar.google.com/citations?user=iEChWJsAAAAJ",
  "Iván Cantador": "http://scholar.google.com/citations?user=iCMJ360AAAAJ",
  "Yunbo Cao": "http://scholar.google.com/citations?user=nNVDLb4AAAAJ",
  "Gabriele Capannini": "https://scholar.google.com/citations?user=-VJvHswAAAAJ",
  "Rob Capra": "http://scholar.google.com/citations?user=pDqzl7sAAAAJ",
  "Cornelia Caragea": "http://scholar.google.com/citations?user=vkX6VV4AAAAJ",
  "Mark Carman": "http://scholar.google.com/citations?user=fcPONTQAAAAJ",
  "Claudio Carpineto": "http://scholar.google.com/citations?user=MnwqYB8AAAAJ",
  "Ben Carterette": "http://scholar.google.com/citations?user=2Y4R04EAAAAJ",
  "Pablo Castells": "http://scholar.google.com/citations?user=gu9fnxsAAAAJ",
  "Carlos Castillo": "http://scholar.google.com/citations?user=D4NJsXEIh1cJ",
  "Diego Ceccarelli": "https://scholar.google.com/citations?user=I74BO_cAAAAJ",
  "Soumen Chakrabarti": "http://scholar.google.com/citations?user=LfF2zfQAAAAJ",
  "Raman Chandrasekar": "http://scholar.google.com/citations?user=zZhCPGkAAAAJ",
  "Kuiyu Chang": "http://scholar.google.com/citations?user=eyYpGvkAAAAJ",
  "Olivier Chapelle": "http://scholar.google.com/citations?user=vYRgxJ8AAAAJ",
  "Hsin-Hsi Chen": "https://scholar.google.com/citations?user=CRth4q4AAAAJ",
  "Hung-Hsuan Chen": "https://scholar.google.com/citations?user=T29tmA8AAAAJ",
  "Shu Chen": "https://scholar.google.com/citations?user=NdyAmbkAAAAJ",
  "zheng chen": "https://scholar.google.com/citations?user=AyZ7A7MAAAAJ",
  "Pu-Jen Cheng": "http://scholar.google.com/citations?user=uYdM_rwAAAAJ",
  "Monojit Choudhury": "http://scholar.google.com/citations?user=WR1ImCMAAAAJ",
  "Wei Chu": "https://scholar.google.com/citations?user=3J4zb7gAAAAJ",
  "Tat-Seng Chua": "http://scholar.google.com/citations?user=Z9DWCBEAAAAJ",
  "Aleksandr Chuklin": "http://scholar.google.com/citations?user=oCOhXmAAAAAJ",
  "Kenneth Church": "http://scholar.google.com/citations?user=E6aqGvYAAAAJ",
  "Massimiliano Ciaramita": "http://scholar.google.com/citations?user=PwsKWfUAAAAJ",
  "Charles L. A. Clarke": "http://scholar.google.com/citations?user=TkVleDIAAAAJ",
  "William W. Cohen": "http://scholar.google.com/citations?user=8ys-38kAAAAJ",
  "Kevyn Collins-Thompson": "http://scholar.google.com/citations?user=q__pgY9AkUQJ",
  "Gao Cong": "http://scholar.google.com/citations?user=WFFamJkAAAAJ",
  "Gordon V. Cormack": "http://scholar.google.com/citations?user=wFuZKaUAAAAJ",
  "Miguel Costa": "http://scholar.google.com/citations?user=c2omlUwAAAAJ",
  "Ingemar J. Cox": "http://scholar.google.com/citations?user=b88nUpYAAAAJ",
  "Matt Crane": "http://scholar.google.com/citations?user=dRqoj80AAAAJ",
  "Nick Craswell": "http://scholar.google.com/citations?user=NXNZbEsAAAAJ",
  "Marco Cristo": "https://scholar.google.com/citations?user=uMWFLVMAAAAJ",
  "W. Bruce Croft": "http://scholar.google.com/citations?user=ArV74ZMAAAAJ",
  "J. Shane Culpepper": "http://scholar.google.com/citations?user=OFlBSEEAAAAJ",
  "Ronan Cummins": "https://scholar.google.com/citations?user=wQEvGP0AAAAJ",
  "Kareem Darwish": "http://scholar.google.com/citations?user=y7tlR6UAAAAJ",
  "Brian D. Davison": "http://scholar.google.com/citations?user=wk3PBXn5pgoJ",
  "Song Dawei": "https://scholar.google.com/citations?user=PCTA8yAAAAAJ",
  "Hongbo Deng": "https://scholar.google.com/citations?user=cfXbU7gAAAAJ",
  "Fernando Diaz": "http://scholar.google.com/citations?user=212SLn0AAAAJ",
  "Laura Dietz": "http://scholar.google.com/citations?user=IIXpJ8oAAAAJ",
  "Debora Donato": "http://scholar.google.com/citations?user=MMZCaK8AAAAJ",
  "Dou Zhicheng": "https://scholar.google.com/citations?user=ChCjAAwAAAAJ",
  "Huizhong Duan": "https://scholar.google.com/citations?user=ggAIHowAAAAJ",
  "Susan Dumais": "http://scholar.google.com/citations?user=x8dED5cAAAAJ",
  "Georges Dupret": "http://scholar.google.com/citations?user=swZTxxcAAAAJ",
  "Miles Efron": "http://scholar.google.com/citations?user=onFS1L0AAAAJ",
  "Carsten Eickhoff": "https://scholar.google.com/citations?user=QQi1_rAAAAAJ",
  "Tamer Elsayed": "http://scholar.google.com/citations?user=ekS-yPIAAAAJ",
  "David Elsweiler": "http://scholar.google.com/citations?user=njEJE3oAAAAJ",
  "Yuka Egusa": "https://scholar.google.com/citations?user=TB5YV8wAAAAJ",
  "Andrea Esuli": "http://scholar.google.com/citations?user=2f9Zj68AAAAJ",
  "Tiziano Fagni": "https://scholar.google.com/citations?user=qJz5BRQAAAAJ",
  "Paolo Ferragina": "http://scholar.google.com/citations?user=3EILU3MAAAAJ",
  "Nicola Ferro": "http://scholar.google.com/citations?user=MP_m6wgAAAAJ",
  "Dennis Fetterly": "http://scholar.google.com/citations?user=uc4csvYAAAAJ",
  "Edward Fox": "https://scholar.google.com/citations?user=KcbSBrUAAAAJ",
  "William B. Frakes": "http://scholar.google.com/citations?user=0PgPz44AAAAJ",
  "Luanne Freund": "http://scholar.google.com/citations?user=0pPzV2wAAAAJ",
  "Ophir Frieder": "http://scholar.google.com/citations?user=uUXCSMkAAAAJ",
  "Norbert Fuhr": "http://scholar.google.com/citations?user=p53Ht7UAAAAJ",
  "Debasis Ganguly": "http://scholar.google.com/citations?user=FhQENQgAAAAJ",
  "Jianfeng Gao": "http://scholar.google.com/citations?user=CQ1cqKkAAAAJ",
  "Wei Gao": "https://scholar.google.com/citations?user=8uaZwkwAAAAJ",
  "Evgeniy Gabrilovich": "http://scholar.google.com/citations?user=DKCx8hcAAAAJ",
  "Patrick Gallinari": "https://scholar.google.com/citations?user=rFaxB20AAAAJ",
  "Eric Gaussier": "https://scholar.google.com/citations?user=rCpJslsAAAAJ",
  "C Lee Giles": "http://scholar.google.com/citations?user=sAkg9T8AAAAJ",
  "Aristides Gionis": "http://scholar.google.com/citations?user=11JgipcAAAAJ",
  "Lorraine Goeuriot": "http://scholar.google.com/citations?user=KkPIFbIAAAAJ",
  "Nazli Goharian": "https://scholar.google.com/citations?user=b3tUsfEAAAAJ",
  "Gene Golovchinsky": "http://scholar.google.com/citations?user=cMOu7YoAAAAJ",
  "Marcos Andre Goncalves": "http://scholar.google.com/citations?user=IStCGaoAAAAJ",
  "Julio Gonzalo": "http://scholar.google.com/citations?user=opFCmpYAAAAJ",
  "Luis Gravano": "http://scholar.google.com/citations?user=Ff6era8AAAAJ",
  "Qi Guo": "http://scholar.google.com/citations?user=f7-oK5QAAAAJ",
  "Cathal Gurrin": "http://scholar.google.com/citations?user=NSm2hJMAAAAJ",
  "Ido Guy": "https://scholar.google.com/citations?user=iiXF7KkAAAAJ",
  "Zoltan Gyongyi": "http://scholar.google.com/citations?user=2u9wZH8AAAAJ",
  "Martin Halvey": "http://scholar.google.com/citations?user=ZXIo4JAAAAAJ",
  "Allan Hanbury": "http://scholar.google.com/citations?user=_hR4cSAAAAAJ",
  "Donna Harman": "http://scholar.google.cl/citations?user=0lic4McAAAAJ",
  "Morgan Harvey": "http://scholar.google.com/citations?user=9KtlRP8AAAAJ",
  "Ismael Hasan": "http://scholar.google.com/citations?user=NFEMVNIAAAAJ",
  "Claudia Hauff": "http://scholar.google.com/citations?user=gMUKVkkAAAAJ",
  "David Hawking": "http://scholar.google.com/citations?user=bqeClI0AAAAJ",
  "Daqing He": "http://scholar.google.com/citations?user=FpyCxD4AAAAJ",
  "Jiyin He": "http://scholar.google.com/citations?user=F-8qMNEAAAAJ",
  "Qi He": "http://scholar.google.com/citations?user=tfdmPXMAAAAJ",
  "Xiangnan He": "https://scholar.google.com/citations?user=X45Go24AAAAJ",
  "Xiaodong He": "https://scholar.google.com/citations?user=W5WbqgoAAAAJ",
  "Marti A. Hearst": "http://scholar.google.com/citations?user=664NOb0AAAAJ",
  "Monika Henzinger": "http://scholar.google.com/citations?user=NXbggxYAAAAJ",
  "Djoerd Hiemstra": "http://scholar.google.com/citations?user=SN0MvYwAAAAJ",
  "William Hersh": "http://scholar.google.com/citations?user=xFn_7nUAAAAJ",
  "Jake Hofman": "http://scholar.google.com/citations?user=eYg0_cEAAAAJ",
  "Katja Hofmann": "http://scholar.google.com/citations?user=bHsjbLwAAAAJ",
  "Liangjie Hong": "http://scholar.google.com/citations?user=4uaSNpYAAAAJ",
  "Frank Hopfgartner": "http://scholar.google.com/citations?user=tiASHnwAAAAJ",
  "Eric Horvitz": "http://scholar.google.com/citations?user=V4OPEAgAAAAJ",
  "Wenyi Huang": "https://scholar.google.com/citations?user=K-RWg7gAAAAJ",
  "Xuanjing Huang": "https://scholar.google.com/citations?user=RGsMgZA4H78C",
  "Gilles Hubert": "https://scholar.google.com/citations?user=VHTVhSoAAAAJ",
  "Bouke Huurnink": "https://scholar.google.com/citations?user=oDH-P_sAAAAJ",
  "Giacomo Inches": "https://scholar.google.com/citations?user=j7IZgxMAAAAJ",
  "Kalista Itakura": "https://scholar.google.com/citations?user=oqe-rLkAAAAJ",
  "Kal Jarvelin": "http://scholar.google.com/citations?user=apzoDeEAAAAJ",
  "Adam Jatowt": "http://scholar.google.com/citations?user=l2vn9GoAAAAJ",
  "Jiepu Jiang": "https://scholar.google.com/citations?user=wpiIJ1MAAAAJ",
  "Rong Jin": "https://scholar.google.com/citations?user=CS5uNscAAAAJ",
  "Thorsten Joachims": "http://scholar.google.com/citations?user=5tk1PV8AAAAJ",
  "Hideo Joho": "http://scholar.google.com/citations?user=8W8gwisAAAAJ",
  "Chris Jones": "http://scholar.google.com/citations?user=IYzBO24AAAAJ",
  "Gareth J. F. Jones": "http://scholar.google.com/citations?user=YJuN_H8AAAAJ",
  "Franciska de Jong": "https://scholar.google.com/citations?user=qCOtRT8AAAAJ",
  "Joemon M Jose": "http://scholar.google.com/citations?user=7t8ha2sAAAAJ",
  "Flavio Junqueira": "http://scholar.google.com/citations?user=48qKfREAAAAJ",
  "Hung-Yu Kao": "https://scholar.google.com/citations?user=X5Is2lAAAAAJ",
  "Jaap Kamps": "http://scholar.google.com/citations?user=bWlQ2uEAAAAJ",
  "Sep Kamvar": "http://scholar.google.com/citations?user=_KUU74QAAAAJ",
  "Min-Yen Kan": "http://scholar.google.com/citations?user=aNVcd3EAAAAJ",
  "Paul B. Kantor": "http://scholar.google.com/citations?user=i3qQYn0AAAAJ",
  "Noriko Kando": "http://scholar.google.com/citations?user=IKVCQG8AAAAJ",
  "Evangelos Kanoulas": "http://scholar.google.com/citations?user=0HybxV4AAAAJ",
  "Sarvnaz Karimi": "http://scholar.google.com/citations?user=BRzka3AAAAAJ",
  "Maryam Karimzadehgan": "https://scholar.google.com/citations?user=9Wh4EoMAAAAJ",
  "Jussi Karlgren": "http://scholar.google.com/citations?user=o7cz97l31z8J",
  "Makoto P. Kato": "https://scholar.google.com/citations?user=Gr2Q2dQAAAAJ",
  "Gabriella Kazai": "http://scholar.google.com/citations?user=0U23qOUAAAAJ",
  "Jaana Kekäläinen": "http://scholar.google.com/citations?user=MXosR6sAAAAJ",
  "Diane Kelly": "http://scholar.google.com/citations?user=sZE8jQIAAAAJ",
  "Irwin King": "http://scholar.google.com/citations?user=MXvC7tkAAAAJ",
  "Sheila Kinsella": "http://scholar.google.com/citations?user=rzu1QAQAAAAJ",
  "Pranam Kolari": "http://scholar.google.com/citations?user=qniEXgoAAAAJ",
  "marijn Koolen": "https://scholar.google.com/citations?user=ED4lSXwAAAAJ",
  "Wessel Kraaij": "http://scholar.google.com/citations?user=w9YiYrsAAAAJ",
  "Udo Kruschwitz": "https://scholar.google.com/citations?user=ZCaIF_wAAAAJ",
  "Giridhar Kumaran": "http://scholar.google.com/citations?user=OVN_qugAAAAJ",
  "Michal Laclavík": "http://scholar.google.com/citations?user=nFTwkE0AAAAJ",
  "Mounia Lalmas": "http://scholar.google.com/citations?user=wAr9G5sAAAAJ",
  "Birger Larsen": "http://scholar.google.com/citations?user=fIL_MF0AAAAJ",
  "Victor Lavrenko": "http://scholar.google.com/citations?user=FfjKDgwAAAAJ",
  "Steve Lawrence": "http://scholar.google.com/citations?user=duxEO9IAAAAJ",
  "Dawn Lawrie": "http://scholar.google.com/citations?user=Ij9zwyoAAAAJ",
  "Johannes Leveling": "http://scholar.google.cl/citations?user=Ncxiu-kAAAAJ",
  "Daniel J. Liebling": "https://scholar.google.com/citations?user=6mERkvAAAAAJ",
  "Dirk Lewandowski": "http://scholar.google.com/citations?user=PVYslIEAAAAJ",
  "Chenliang Li": "http://scholar.google.com/citations?user=p4RNNCQAAAAJ",
  "Hang Li": "http://scholar.google.com/citations?user=nTl5mSwAAAAJ",
  "Elizabeth D. Liddy": "http://scholar.google.com/citations?user=KX1z68cAAAAJ",
  "Jimmy Lin": "http://scholar.google.com/citations?user=0EWw1z8AAAAJ",
  "Christina Lioma": "http://scholar.google.com/citations?user=dXkFCYoAAAAJ",
  "Tie-Yan Liu": "http://scholar.google.com/citations?user=Nh832fgAAAAJ",
  "Yiqun Liu": "https://scholar.google.com/citations?user=NJOnxh4AAAAJ",
  "Matt Lease": "http://scholar.google.com/citations?user=qgmiQ5IAAAAJ",
  "Fernando Llopis": "https://scholar.google.com/citations?user=auklQFUAAAAJ",
  "Alejandro Lopez-Ortiz": "http://scholar.google.com/citations?user=JX5VMAkAAAAJ",
  "David E. Losada": "http://scholar.google.com/citations?user=dTiTjW8AAAAJ",
  "Claudio Lucchese": "http://scholar.google.com/citations?user=bdoG6ScAAAAJ",
  "Chris LuVogt": "http://scholar.google.it/citations?user=5oRwKekAAAAJ",
  "Yuanhua Lv": "https://scholar.google.com/citations?user=kIHxcVYAAAAJ",
  "Hao Ma": "https://scholar.google.com/citations?user=4spEfYgAAAAJ",
  "Wei-Ying Ma": "https://scholar.google.com/citations?user=SToCbu8AAAAJ",
  "Yoelle Maarek": "https://scholar.google.com/citations?user=foccT34AAAAJ",
  "Alessandra Alaniz Macedo": "http://scholar.google.com/citations?user=tJAsNzYAAAAJ",
  "Walid Magdy": "https://scholar.google.com/citations?user=ACQD8jMAAAAJ",
  "R. Manmatha": "http://scholar.google.com/citations?user=_0aMq28AAAAJ",
  "Craig Macdonald": "http://scholar.google.com/citations?user=IBjMKHQAAAAJ",
  "Bernardo Magnini": "http://scholar.google.com/citations?user=jnQE-4gAAAAJ",
  "Debapriyo Majumdar": "http://scholar.google.com/citations?user=XSJGvjEAAAAJ",
  "Prasenjit Majumder": "https://scholar.google.com/citations?user=Cf-XE08AAAAJ",
  "Thomas Mandl": "http://scholar.google.cl/citations?user=zW4kukYAAAAJ",
  "Gary Marchionini": "http://scholar.google.com/citations?user=x3WiOmQAAAAJ",
  "Ilya Markov": "http://scholar.google.com/citations?user=4ztJyswAAAAJ",
  "Bruno Martins": "https://scholar.google.com/citations?user=VQMUt8kAAAAJ",
  "James Mayfield": "https://scholar.google.com/citations?user=gsIkQ-4AAAAJ",
  "Richard McCreadie": "http://scholar.google.com/citations?user=p8550tQAAAAJ",
  "Paul McNamee": "https://scholar.google.com/citations?&user=xpStfNcAAAAJ",
  "Massimo Melucci": "https://scholar.google.com/citations?user=VGGkN-QAAAAJ",
  "Qiaozhu Mei": "http://scholar.google.com/citations?user=zr22WkQAAAAJ",
  "Edgar Meij": "http://scholar.google.com/citations?user=vb6YKF0AAAAJ",
  "Massimo Melucci": "http://scholar.google.com/citations?user=VGGkN-QAAAAJ",
  "Weiyi Meng": "http://scholar.google.com/citations?user=C-wDOskAAAAJ",
  "Donald Metzler": "http://scholar.google.com/citations?user=bmXpOd8AAAAJ",
  "Rada Mihalcea": "http://scholar.google.com/citations?user=UetM7FgAAAAJ",
  "Zhao-Yan Ming": "https://scholar.google.com/citations?user=BrND3vgAAAAJ",
  "Riccardo Miotto": "http://scholar.google.cl/citations?user=A--bA0QAAAAJ",
  "Gilad Mishne": "http://scholar.google.com/citations?user=9twfX9cAAAAJ",
  "Mandar Mitra": "http://scholar.google.com/citations?user=joWNRWwAAAAJ",
  "Stefano Mizzaro": "http://scholar.google.com/citations?user=2wvJC6IAAAAJ",
  "Marie-Francine Moens": "http://scholar.google.com/citations?user=O9hYMUUAAAAJ",
  "Jose G Moreno": "https://scholar.google.com/citations?user=4BZFUw8AAAAJ",
  "Alessandro Moschitti": "http://scholar.google.com/citations?user=vYUDlsEAAAAJ",
  "Yashar Moshfeghi": "https://scholar.google.ca/citations?user=BaFcnWIAAAAJ",
  "Alistair Moffat": "http://scholar.google.com/citations?user=r3xSME0AAAAJ",
  "Christof Monz": "http://scholar.google.com/citations?user=0r3PWLQAAAAJ",
  "Isabelle Moulinier": "http://scholar.google.com/citations?user=SJeHyHAAAAAJ",
  "Edleno Silva de Moura": "http://scholar.google.com/citations?user=gMHGurgAAAAJ",
  "Sougata Mukherjea": "http://scholar.google.com/citations?user=XvzQCQMAAAAJ",
  "Henning Müller": "http://scholar.google.com/citations?user=UEZ9RlUAAAAJ",
  "Vanessa Murdock": "http://scholar.google.com/citations?user=YCU2cT0AAAAJ",
  "Ramesh Maruthi Nallapati": "http://scholar.google.com/citations?user=mZcPPW4AAAAJ",
  "Marc Najork": "http://scholar.google.com/citations?user=7HeAnjwAAAAJ",
  "Franco Maria Nardini": "https://scholar.google.com/citations?user=ASTiB-QAAAAJ",
  "Hidetsugu Nanba": "https://scholar.google.com/citations?user=0jvXzVwAAAAJ",
  "Wolfgang Nejdl": "http://scholar.google.com/citations?&user=LC62bdYAAAAJ",
  "Charles Nicholas": "https://scholar.google.com/citations?user=th5wzikAAAAJ",
  "Jian-Yun Nie": "http://scholar.google.com/citations?user=W7uYg0UAAAAJ",
  "Liqiang Nie": "https://scholar.google.com/citations?user=yywVMhUAAAAJ",
  "Xi Niu": "https://scholar.google.com/citations?user=8s12jxMAAAAJ",
  "Giorgio Maria Di Nunzio": "http://scholar.google.cl/citations?user=Awl_HDoAAAAJ",
  "Douglas W. Oard": "http://scholar.google.com/citations?user=3ctKkysAAAAJ",
  "Giuseppe Ottaviano": "https://scholar.google.com/citations?user=EIX2jGQAAAAJ",
  "Paul Ogilvie": "http://scholar.google.com/citations?user=ZkuIsUAAAAAJ",
  "Colm O'Riordan": "https://scholar.google.com/citations?user=2qi2RgwAAAAJ",
  "Salvatore Orlando": "https://scholar.google.com/citations?user=njCMBiwAAAAJ",
  "Iadh Ounis": "http://scholar.google.com/citations?user=rKQMXOEAAAAJ",
  "Georgios Paliouras": "https://scholar.google.com/citations?user=-pec7wIAAAAJ",
  "Javier Parapar": "http://scholar.google.com/citations?user=NsUR93MAAAAJ",
  "Gabriella Pasi": "http://scholar.google.com/citations?user=5KWMh6wAAAAJ",
  "Laurence A. F. Park": "http://scholar.google.com/citations?user=W9VGXw4AAAAJ",
  "Raffaele Perego": "https://scholar.google.com/citations?user=T371ouoAAAAJ",
  "Vivien Petras": "http://scholar.google.com/citations?user=ZTZSh0IAAAAJ",
  "Sasa Petrovic": "http://scholar.google.com/citations?user=fkoXlqEAAAAJ",
  "Karen Pinel-Sauvagnat": "https://scholar.google.com/citations?user=bnMe-UgAAAAJ",
  "David Eduardo Pinto Avendaño": "https://scholar.google.com/citations?user=v3eCFg0AAAAJ",
  "Benjamin Piwowarski": "http://scholar.google.com/citations?user=RP4lPE8AAAAJ",
  "Vassilis Plachouras": "http://scholar.google.com/citations?user=DLx8WAYAAAAJ",
  "Barbara Poblete": "http://scholar.google.com/citations?user=eZBFWGEAAAAJ",
  "Martin Potthast": "http://scholar.google.com/citations?user=a0W8R-cAAAAJ",
  "Tao Qin": "http://scholar.google.com/citations?user=Bl4SRU0AAAAJ",
  "Fausto Rabitti": "https://scholar.google.com/citations?user=kikRsIYAAAAJ",
  "Dragomir Radev": "http://scholar.google.com/citations?user=vIqWvgwAAAAJ",
  "Kira Radinsky": "http://scholar.google.com/citations?user=QHMMehsAAAAJ",
  "Filip Radlinski": "http://scholar.google.com/citations?user=dUPre_sAAAAJ",
  "Georgina Ramirez Camps": "https://scholar.google.com/citations?user=aeCjQlwAAAAJ",
  "Francisco Rangel": "https://scholar.google.com/citations?user=1Jfq3xIAAAAJ",
  "Berthier Ribeiro-Neto": "http://scholar.google.com/citations?user=JMkfK0sAAAAJ",
  "Maarten de Rijke": "http://scholar.google.com/citations?user=AVDkgFIAAAAJ",
  "Cornelis van Rijsbergen": "http://scholar.google.com/citations?user=NnFpD_sAAAAJ",
  "M. Andrea Rodriguez": "http://scholar.google.com/citations?user=wSkYQKsAAAAJ",
  "Haggai Roitman": "https://scholar.google.com/citations?user=a6h-qIkAAAAJ",
  "Paolo Rosso": "http://scholar.google.com/citations?user=HFKXPH8AAAAJ",
  "Ian Ruthven": "http://scholar.google.com/citations?user=BAJlvioAAAAJ",
  "Gerard Salton": "http://scholar.google.com/citations?user=PmJ2544AAAAJ",
  "Mark Sanderson": "http://scholar.google.com/citations?user=HmqvvQkAAAAJ",
  "Massimo Santini": "http://scholar.google.com/citations?user=twgYqxAAAAAJ",
  "Rodrygo L. T. Santos": "http://scholar.google.com/citations?user=NAyozE0AAAAJ",
  "Tefko Saracevic": "https://scholar.google.com/citations?user=ERzz6cUAAAAJ",
  "Philipp Schaer": "https://scholar.google.com/citations?user=XTjmqCwAAAAJ",
  "Anne Schuth": "https://scholar.google.com/citations?user=Y3ahb_wAAAAJ",
  "Fabrizio Sebastiani": "http://scholar.google.com/citations?user=WZBcZV4AAAAJ",
  "Aliaksei Severyn": "http://scholar.google.com/citations?user=EoVDI3MAAAAJ",
  "Markus Schedl": "http://scholar.google.com/citations?user=TQR8qIEAAAAJ",
  "Falk Scholer": "http://scholar.google.com/citations?user=qOLjlqsAAAAJ",
  "Chirag Shah": "http://scholar.google.com/citations?user=H4dLAw0AAAAJ",
  "Azadeh Shakery": "https://scholar.google.com/citations?user=E-QpN74AAAAJ",
  "Jialie Shen": "http://scholar.google.com/citations?user=d3h-zScAAAAJ",
  "Hideki Shima": "https://scholar.google.com/citations?user=NMvgsusAAAAJ",
  "Milad Shokouhi": "http://scholar.google.com/citations?user=SbYANgwAAAAJ",
  "Luo Si": "http://scholar.google.com/citations?user=xqEfATIAAAAJ",
  "Börkur Sigurbjörnsson": "https://scholar.google.com/citations?user=B0W8oikAAAAJ",
  "Gianmaria Silvello": "http://scholar.google.cl/citations?user=pY24h-YAAAAJ",
  "Fabrizio Silvestri": "http://scholar.google.com/citations?user=pi985dQAAAAJ",
  "Laurianne Sitbon": "http://scholar.google.com/citations?user=69CB608AAAAJ",
  "Marc Sloan": "http://scholar.google.com/citations?user=17C0-A0AAAAJ",
  "Alan F. Smeaton": "http://scholar.google.com/citations?user=o7xnW2MAAAAJ",
  "Catherine L. Smith": "http://scholar.google.com/citations?user=nhSWGhkAAAAJ",
  "Mark D. Smucker": "http://scholar.google.com/citations?user=BgiGGQQAAAAJ",
  "Altigran Soares da Silva": "https://scholar.google.com/citations?user=Ka6w1vgAAAAJ",
  "Ian Soboroff": "http://scholar.google.com/citations?user=TcFyZgcAAAAJ",
  "Aya Soffer": "https://scholar.google.com/citations?user=vJmb15AAAAAJ",
  "Ruihua Song": "https://scholar.google.com/citations?user=9yVx9L8AAAAJ",
  "Yang Song": "https://scholar.google.com/citations?user=tvWB_yUAAAAJ",
  "Karen Spärck Jones": "http://scholar.google.com/citations?user=HzDsaGYAAAAJ",
  "Marc Spaniol": "http://scholar.google.com/citations?user=SS1G5GIAAAAJ",
  "Efstathios Stamatatos": "https://scholar.google.com/citations?user=xie8sAEAAAAJ",
  "Torsten Suel": "http://scholar.google.com/citations?user=eQUn8ugAAAAJ",
  "Kazunari Sugiyama": "http://scholar.google.com/citations?user=BYXCheYAAAAJ",
  "Aixin Sun": "http://scholar.google.com/citations?user=wyKGVKUAAAAJ",
  "Le Sun": "https://scholar.google.com/citations?user=6bFNhtwAAAAJ",
  "Richard Sutcliffe": "https://scholar.google.com/citations?user=LqjaP10AAAAJ",
  "Krysta M. Svore": "http://scholar.google.com/citations?user=FlY-U3kAAAAJ",
  "Masao Takaku": "http://scholar.google.com/citations?user=B0AYLiUAAAAJ",
  "Lynda Tamine": "https://scholar.google.com/citations?user=l_fsKWoAAAAJ",
  "Jie Tang": "http://scholar.google.com/citations?user=n1zDCkQAAAAJ",
  "Jaime Teevan": "http://scholar.google.com/citations?user=F5Ik84MAAAAJ",
  "Paul Thomas": "http://scholar.google.com/citations?user=B7c-WcAAAAAJ",
  "Gabriele Tolomei": "https://scholar.google.com/citations?user=Y2R2DXEAAAAJ",
  "Anthony Tomasic": "http://scholar.google.com/citations?user=ybfAUpsAAAAJ",
  "Andrew Tomkins": "http://scholar.google.com/citations?user=-JOkpfQAAAAJ",
  "Anastasios Tombros": "http://scholar.google.com/citations?user=xohp9NoAAAAJ",
  "Nicola Tonellotto": "http://scholar.google.com/citations?user=mTVRtZQAAAAJ",
  "Manos Tsagkias": "http://scholar.google.com/citations?user=rKOWoqcAAAAJ",
  "Ming-Feng Tsai": "https://scholar.google.com/citations?user=ZLkFlS0AAAAJ",
  "Richard Tzong-Han Tsai": "https://scholar.google.com/citations?user=FEsCHQ0AAAAJ",
  "Michael Tschuggnall": "https://scholar.google.com/citations?user=haMQvIUAAAAJ",
  "Andrew Turpin": "http://scholar.google.com/citations?user=lCZblDwAAAAJ",
  "Howard Turtle": "http://scholar.google.com/citations?user=kT1MD4wAAAAJ",
  "Andrew Trotman": "http://scholar.google.com/citations?user=YiiS_hUAAAAJ",
  "Richard Tzong-Han Tsai": "https://scholar.google.com/citations?user=FEsCHQ0AAAAJ",
  "David Vallet": "http://scholar.google.it/citations?user=HI5HwzoAAAAJ",
  "Sergei Vassilvitskii": "http://scholar.google.com/citations?user=b3HMX-sAAAAJ",
  "Michalis Vazirgiannis": "http://scholar.google.com/citations?user=aWGJYcMAAAAJ",
  "Olga Vechtomova": "https://scholar.google.com/citations?user=Ln1-_JIAAAAJ",
  "Sebastiano Vigna": "http://scholar.google.com/citations?user=WL8DH4YAAAAJ",
  "Ellen Voorhees": "https://scholar.google.com/citations?user=Bfs9j20AAAAJ",
  "Arjen P. de Vries": "http://scholar.google.com/citations?user=iH9TVHQAAAAJ",
  "Xiaojun Wan": "http://scholar.google.com/citations?user=lTTeBdkAAAAJ",
  "Hongning Wang": "https://scholar.google.com/citations?user=qkdvKNoAAAAJ",
  "Jun Wang": "http://scholar.google.com/citations?user=wIE1tY4AAAAJ",
  "Quan Wang": "http://scholar.google.com/citations?user=l2yEbhAAAAAJ",
  "Ingmar Weber": "http://scholar.google.com/citations?user=3YDUbP0AAAAJ",
  "Wouter Weerkamp": "https://scholar.google.com/citations?user=Jdy8ZTgAAAAJ",
  "Zhongyu Wei": "https://scholar.google.com/citations?user=AjLDxxgAAAAJ",
  "Gerhard Weikum": "http://scholar.google.com/citations?user=vNAD0mAAAAAJ",
  "Ji-Rong Wen": "http://scholar.google.com/citations?user=tbxCHJgAAAAJ",
  "Ryen W. White": "http://scholar.google.com/citations?user=U69fiZMAAAAJ",
  "Kyle Williams": "https://scholar.google.com/citations?user=apM3EwcAAAAJ",
  "Ross Wilkinson": "http://scholar.google.com/citations?user=XnG5SnEAAAAJ",
  "Max L. Wilson": "http://scholar.google.com/citations?user=WkLZuJsAAAAJ",
  "Zhaohui Wu": "https://scholar.google.com/citations?user=9UHOqWMAAAAJ",
  "Chenyan Xiong": "https://scholar.google.com/citations?user=E9BaEBYAAAAJ",
  "Jun Xu": "http://scholar.google.com/citations?user=su14mcEAAAAJ",
  "Takehiro Yamamoto": "https://scholar.google.com/citations?user=8ZDsbX8AAAAJ",
  "Grace Hui Yang": "http://scholar.google.com/citations?user=nafo_HAAAAAJ",
  "Peilin Yang": "https://scholar.google.com/citations?user=XdNjKJAAAAAJ",
  "Qiang Yang": "http://scholar.google.com/citations?user=1LxWZLQAAAAJ",
  "Yiming Yang": "http://scholar.google.com/citations?user=MlZq4XwAAAAJ",
  "Andrew Yates": "https://scholar.google.com/citations?user=b4ciDMsAAAAJ",
  "Xing Yi": "http://scholar.google.com/citations?user=PnZS1HIAAAAJ",
  "Emine Yilmaz": "http://scholar.google.com/citations?user=ocmAN4YAAAAJ",
  "Elad Yom-Tov": "https://scholar.google.com/citations?user=MNqdSZcAAAAJ",
  "Clement Yu": "http://scholar.google.com/citations?user=buju2sYAAAAJ",
  "Yong Yu": "http://scholar.google.it/citations?user=-84M1m0AAAAJ",
  "Yisong Yue": "http://scholar.google.com/citations?user=tEk4qo8AAAAJ",
  "Jakub Zavrel": "https://scholar.google.com/citations?user=yLUBpucAAAAJ",
  "ChengXiang Zhai": "http://scholar.google.com/citations?user=YU-baPIAAAAJ",
  "Duo Zhang": "http://scholar.google.com/citations?user=yneRh8EAAAAJ",
  "Min Zhang": "https://scholar.google.com/citations?user=0HtCYQEAAAAJ",
  "Yongfeng Zhang": "https://scholar.google.com/citations?user=A66WefUAAAAJ",
  "Zhao Jiashu": "https://scholar.google.com/citations?user=9vsMVz8AAAAJ",
  "Dou Zhicheng": "https://scholar.google.com/citations?user=ChCjAAwAAAAJ",
  "Nivio Ziviani": "https://scholar.google.com/citations?user=OZ2ju_EAAAAJ",
  "Justin Zobel": "http://scholar.google.com/citations?user=uEHvqE8AAAAJ",
  "Guido Zuccon": "http://scholar.google.com/citations?user=aEVHhC8AAAAJ",
  "Roelof van Zwol": "https://scholar.google.com/citations?user=kEiTxHsAAAAJ"
}
