{
  "Gregory D. Abowd": "https://scholar.google.com/citations?user=gb8sbdcAAAAJ",
  "Mark S. Ackerman": "https://scholar.google.com/citations?user=qBTbnEQAAAAJ",
  "Maneesh Agrawala": "https://scholar.google.com/citations?user=YPzKczYAAAAJ",
  "Vincent Aleven": "https://scholar.google.com/citations?user=ztkfnCsAAAAJ",
  "Jason Alexander": "https://scholar.google.com/citations?user=gxT8_4EAAAAJ",
  "John Anderson": "https://scholar.google.com/citations?user=PGcc-RIAAAAJ",
  "Natalia Andrienko": "https://scholar.google.com/citations?user=t8LK29QAAAAJ",
  "Lisa Anthony": "https://scholar.google.com/citations?user=GUucp2UAAAAJ",
  "Caroline Appert": "https://scholar.google.com/citations?user=6ltKVMwAAAAJ",
  "Cecilia Aragon": "https://scholar.google.com/citations?user=BM_qLgYAAAAJ",
  "Daniel Archambault": "https://scholar.google.com/citations?user=DwSNWBoAAAAJ",
  "Brian Bailey": "https://scholar.google.com/citations?user=eiqD0hoAAAAJ",
  "Ravin Balakrishnan": "https://scholar.google.com/citations?user=WtijM48AAAAJ",
  "Jeffrey Bardzell": "https://scholar.google.com/citations?user=JjKNmggAAAAJ",
  "Patrick Baudisch": "https://scholar.google.com/citations?user=GdRdhYwAAAAJ",
  "Russell Beale": "https://scholar.google.com/citations?user=kr40Kd8AAAAJ",
  "Benjamin B. Bederson": "https://scholar.google.com/citations?user=IcW1vJEAAAAJ",
  "Michael S. Bernstein": "https://scholar.google.com/citations?user=zkhHirIAAAAJ",
  "Enrico Bertini": "https://scholar.google.com/citations?user=_jGHG0IAAAAJ",
  "Timothy Bickmore": "https://scholar.google.com/citations?user=x9kzObUAAAAJ",
  "Jeffrey Bigham": "https://scholar.google.com/citations?user=DFqp8NkAAAAJ",
  "Jeremy Birnholtz": "https://scholar.google.com/citations?user=o-iIoUQAAAAJ",
  "Ann Blandford": "https://scholar.google.com/citations?user=-uXQUCwAAAAJ",
  "Doug A. Bowman": "https://scholar.google.com/citations?user=KXCqonwAAAAJ",
  "Amy Bruckman": "https://scholar.google.com/citations?user=IdWa_JkAAAAJ",
  "AJ Bernheim Brush": "https://scholar.google.com/citations?user=w7qIMkkAAAAJ",
  "Andrea Bunt": "https://scholar.google.com/citations?user=NoBlw7EAAAAJ",
  "Winslow Burleson": "https://scholar.google.com/citations?user=rGiwYA8AAAAJ",
  "Stuart K. Card": "https://scholar.google.com/citations?user=ccCNF08AAAAJ",
  "Sheelagh Carpendale": "https://scholar.google.com/citations?user=43LLX2kAAAAJ",
  "John M. Carroll": "https://scholar.google.com/citations?user=7Mg8JZMAAAAJ",
  "Justine Cassell": "https://scholar.google.com/citations?user=wkC9xHMAAAAJ",
  "Remco Chang": "https://scholar.google.com/citations?user=Q29WmWwAAAAJ",
  "Olivier Chapuis": "https://scholar.google.com/citations?user=1-5Y_fYAAAAJ",
  "Chaomei Chen": "https://scholar.google.com/citations?user=IjN4HSRsdakC",
  "Yunan Chen": "https://scholar.google.com/citations?user=QjbgoY8AAAAJ",
  "Marshini Chetty": "https://scholar.google.com/citations?user=eVJ6NTIAAAAJ",
  "Ed Chi": "https://scholar.google.com/citations?user=VuWl-KUAAAAJ",
  "Luca Chittaro": "https://scholar.google.com/citations?user=arLCDBkAAAAJ",
  "Munmun De Choudhury": "https://scholar.google.com/citations?user=Z9Pfp6UAAAAJ",
  "Andy Cockburn": "https://scholar.google.com/citations?user=eBdrkd0AAAAJ",
  "Christopher Collins": "https://scholar.google.com/citations?user=yHRw4eMAAAAJ",
  "Dan Cosley": "https://scholar.google.com/citations?user=_KNDS-kZ-nIJ",
  "Edward (Ed) Cutrell": "https://scholar.google.com/citations?user=8dfY_RYAAAAJ",
  "Mary Czerwinski": "https://scholar.google.com/citations?user=LHkrpqEAAAAJ",
  "Laura Dabbish": "https://scholar.google.com/citations?user=DdNAgNwAAAAJ",
  "Anind Dey": "https://scholar.google.com/citations?user=ydA8Q5AAAAAJ",
  "Nicholas Diakopoulos": "https://scholar.google.com/citations?user=7ip1Ih8AAAAJ",
  "Stephan Diehl": "https://scholar.google.com/citations?user=3h8Dqg0AAAAJ",
  "Betsy DiSalvo": "https://scholar.google.com/citations?user=BXEDBDUAAAAJ",
  "Ellen Do": "https://scholar.google.com/citations?user=qDepoRUAAAAJ",
  "Paul Dourish": "https://scholar.google.com/citations?user=wyCIJfQAAAAJ",
  "Steven Dow": "https://scholar.google.com/citations?user=ywTbDsQAAAAJ",
  "Pierre Dragicevic": "https://scholar.google.com/citations?user=hqyns68AAAAJ",
  "Steven Drucker": "https://scholar.google.com/citations?user=4LaKRrwAAAAJ",
  "Allison Druin": "https://scholar.google.com/citations?user=QpaGsuMAAAAJ",
  "Susan Dumais": "https://scholar.google.com/citations?user=x8dED5cAAAAJ",
  "David S. Ebert": "https://scholar.google.com/citations?user=fD3JviYAAAAJ",
  "W. Keith Edwards": "https://scholar.google.com/citations?user=QYqwwwcAAAAJ",
  "Niklas Elmqvist": "https://scholar.google.com/citations?user=LoQXe24AAAAJ",
  "Alex Endert": "https://scholar.google.com/citations?user=_ZIAy3cAAAAJ",
  "Kayvon Fatahalian": "https://scholar.google.com/citations?user=ZeG4wDgAAAAJ",
  "Steven K. Feiner": "https://scholar.google.com/citations?user=PogsVkYAAAAJ",
  "Jean-Daniel Fekete": "https://scholar.google.com/citations?user=PMZ3h7sAAAAJ",
  "Rebecca Fiebrink": "https://scholar.google.com/citations?user=fEMWXvkAAAAJ",
  "Leah Findlater": "https://scholar.google.com/citations?user=NeDnx2EAAAAJ",
  "Danyel Fisher": "https://scholar.google.com/citations?user=8Wq9hTEAAAAJ",
  "Morten Fjeld": "https://scholar.google.com/citations?user=ZQhqxscAAAAJ",
  "James Foley": "https://scholar.google.com/citations?user=GmcChLIAAAAJ",
  "Kenneth D Forbus": "https://scholar.google.com/citations?user=IdRYT-8AAAAJ",
  "Jodi Forlizzi": "https://scholar.google.com/citations?user=Hyhp_zUAAAAJ",
  "Jon Froehlich": "https://scholar.google.com/citations?user=nExKrpsAAAAJ",
  "Susan Fussell": "https://scholar.google.com/citations?user=QpG20J0AAAAJ",
  "Krzysztof Gajos": "https://scholar.google.com/citations?user=MnnERiQAAAAJ",
  "Geri Gay": "https://scholar.google.com/citations?user=uJ4q1wcAAAAJ",
  "Darren Gergle": "https://scholar.google.com/citations?user=T4Yo9gQAAAAJ",
  "Eric Gilbert": "https://scholar.google.com/citations?user=71OktocAAAAJ",
  "Juan E. Gilbert": "https://scholar.google.com/citations?user=FKbHXRUAAAAJ",
  "Michael Gleicher": "https://scholar.google.com/citations?user=kDkH9UkAAAAJ",
  "Jennifer Golbeck": "https://scholar.google.com/citations?user=WBOnL7sAAAAJ",
  "Carsten Görg": "https://scholar.google.com/citations?user=kQkwf5wAAAAJ",
  "David Gotz": "https://scholar.google.com/citations?user=qybJ3GoAAAAJ",
  "Saul Greenberg": "https://scholar.google.com/citations?user=TthhUuoAAAAJ",
  "Beki Grinter": "https://scholar.google.com/citations?user=PNalJ58AAAAJ",
  "Francois Guimbretiere": "https://scholar.google.com/citations?user=PxZT1sgAAAAJ",
  "Gregory Hager": "https://scholar.google.com/citations?user=ivApfKcAAAAJ",
  "Frank van Ham": "https://scholar.google.com/citations?user=fJc5go8AAAAJ",
  "Tracy Anne Hammond": "https://scholar.google.com/citations?user=wlp2c0IAAAAJ",
  "Mark Hancock": "https://scholar.google.com/citations?user=PYvcN3cAAAAJ",
  "Patrick Hanrahan": "https://scholar.google.com/citations?user=RzEnQmgAAAAJ",
  "Derek L. Hansen": "https://scholar.google.com/citations?user=IpLkSvEAAAAJ",
  "Charles Hansen": "https://scholar.google.com/citations?user=UqyaAQQAAAAJ",
  "Chris Harrison": "https://scholar.google.com/citations?user=36HRdqMAAAAJ",
  "Steve Harrison": "https://scholar.google.com/citations?user=r6k-SS4AAAAJ",
  "Bjoern Hartmann": "https://scholar.google.com/citations?user=aZMY6_UAAAAJ",
  "Gillian R Hayes": "https://scholar.google.com/citations?user=5mIkNyYAAAAJ",
  "Marti A. Hearst": "http://scholar.google.com/citations?user=664NOb0AAAAJ",
  "Brent Hecht": "https://scholar.google.com/citations?user=6IinLVUAAAAJ",
  "Jeffrey Heer": "https://scholar.google.com/citations?user=vlgs4G4AAAAJ",
  "Robert Hendley": "https://scholar.google.com/citations?user=9KywR_cAAAAJ",
  "Susan C. Herring": "https://scholar.google.com/citations?user=atKhRwEAAAAJ",
  "Jason Hong": "https://scholar.google.com/citations?user=MoFbcc0AAAAJ",
  "Jeff Huang": "https://scholar.google.com/citations?user=o8oJ6s4AAAAJ",
  "Scott E. Hudson": "https://scholar.google.com/citations?user=6YU6_QoAAAAJ",
  "Kori Inkpen": "https://scholar.google.com/citations?user=9aA5QTUAAAAJ",
  "Shamsi T. Iqbal": "https://scholar.google.com/citations?user=oCQdMjoAAAAJ",
  "Pourang Irani": "https://scholar.google.com/citations?user=lPYUHkIAAAAJ",
  "Petra Isenberg (Neumann)": "https://scholar.google.com/citations?user=mw0_aLoAAAAJ",
  "Tobias Isenberg": "https://scholar.google.com/citations?user=e09cpQUAAAAJ",
  "Melody Jackson": "https://scholar.google.com/citations?user=83SAwBsAAAAJ",
  "T.J. Jankun-Kelly": "https://scholar.google.com/citations?user=KKzGz-YAAAAJ",
  "Andrew Johnson": "https://scholar.google.com/citations?user=s8e4QnsAAAAJ",
  "Shaun Kane": "https://scholar.google.com/citations?user=v564lDgAAAAJ",
  "David Karger": "https://scholar.google.com/citations?user=2vQRGrYAAAAJ",
  "Andrea Kavanaugh": "https://scholar.google.com/citations?user=qJWs9cAAAAAJ",
  "Daniel Keim": "https://scholar.google.com/citations?user=YJm9he0AAAAJ",
  "Jessie Kennedy": "https://scholar.google.com/citations?user=pNGFmfAAAAAJ",
  "Andruid Kerne": "https://scholar.google.com/citations?user=TD6dCG0AAAAJ",
  "Andreas Kerren": "https://scholar.google.com/citations?user=FJ0hneUAAAAJ",
  "Julie A. Kientz": "https://scholar.google.com/citations?user=GvpuYB4AAAAJ",
  "Sara Kiesler": "https://scholar.google.com/citations?user=8Qu_gAMAAAAJ",
  "Aniket Kittur": "https://scholar.google.com/citations?user=2vZ5zRQAAAAJ",
  "Roberta Klatzky": "https://scholar.google.com/citations?user=wUPKh58AAAAJ",
  "Scott Klemmer": "https://scholar.google.com/citations?user=BEHcR-IAAAAJ",
  "Alfred Kobsa": "https://scholar.google.com/citations?user=0nBysEcAAAAJ",
  "Ken Koedinger": "https://scholar.google.com/citations?user=_8DDVkAAAAAJ",
  "Joseph A. Konstan": "https://scholar.google.com/citations?user=PH4mytYAAAAJ",
  "Robert Kosara": "https://scholar.google.com/citations?user=7BS9z-kAAAAJ",
  "Robert E. Kraut": "https://scholar.google.com/citations?user=HKGYvu4AAAAJ",
  "David H. Laidlaw": "https://scholar.google.com/citations?user=GIle-VwAAAAJ",
  "Cliff Lampe": "https://scholar.google.com/citations?user=aT8oqcoAAAAJ",
  "James Landay": "https://scholar.google.com/citations?user=oQsObk0AAAAJ",
  "Edward Lank": "https://scholar.google.com/citations?user=e7P8IwgAAAAJ",
  "Robert S Laramee": "https://scholar.google.com/citations?user=NT6wx48AAAAJ",
  "Celine Latulipe": "https://scholar.google.com/citations?user=LdGogroAAAAJ",
  "Edith Law": "https://scholar.google.com/citations?user=OOssnq8AAAAJ",
  "Jonathan Lazar": "https://scholar.google.com/citations?user=CDpfbBsAAAAJ",
  "Bongshin Lee": "https://scholar.google.com/citations?user=IozWtK0AAAAJ",
  "Clayton Lewis": "https://scholar.google.com/citations?user=eIYoeT4AAAAJ",
  "Henry Lieberman": "https://scholar.google.com/citations?user=NdV5hMYAAAAJ",
  "Kwan-Liu Ma": "https://scholar.google.com/citations?user=LgL2HpkAAAAJ",
  "Alan M. MacEachren": "https://scholar.google.com/citations?user=6k3KfDcAAAAJ",
  "Ross Maciejewski": "https://scholar.google.com/citations?user=nChgOjEAAAAJ",
  "Blair MacIntyre": "https://scholar.google.com/citations?user=UA3tyKwAAAAJ",
  "Jock D. Mackinlay": "https://scholar.google.com/citations?user=SWworh8AAAAJ",
  "Jen Mankoff": "https://scholar.google.com/citations?user=mhmvCgsAAAAJ",
  "Gloria Mark": "https://scholar.google.com/citations?user=aoZCW38AAAAJ",
  "Maja J Mataric": "https://scholar.google.com/citations?user=o5YQMkMAAAAJ",
  "Scott McCrickard": "https://scholar.google.com/citations?user=jQNt6RwAAAAJ",
  "Michael J. McGuffin": "https://scholar.google.com/citations?user=6HubqR8AAAAJ",
  "Abhinav Mehrotra": "https://scholar.google.com/citations?user=AbeyFKwAAAAJ",
  "Guy Melancon": "https://scholar.google.com/citations?user=OOCp390AAAAJ",
  "Miriah Meyer": "https://scholar.google.com/citations?user=JAHNN7AAAAAJ",
  "Torsten Möller": "https://scholar.google.com/citations?user=3cGVmqsAAAAJ",
  "Rob Miller": "https://scholar.google.com/citations?user=e-c3R8QAAAAJ",
  "Klaus Mueller": "https://scholar.google.com/citations?user=uya_Zb4AAAAJ",
  "Tamara Munzner": "https://scholar.google.com/citations?user=c2Att08AAAAJ",
  "Mirco Musolesi": "https://scholar.google.com/citations?user=8t4SqVwAAAAJ",
  "Bilge Mutlu": "https://scholar.google.com/citations?user=VGr54BoAAAAJ",
  "Brad A. Myers": "https://scholar.google.com/citations?user=E1cp_aYAAAAJ",
  "E.D. Mynatt": "https://scholar.google.com/citations?user=l7nsfT4AAAAJ",
  "Lennart Nacke": "https://scholar.google.com/citations?user=i-y5S2AAAAAJ",
  "Shrikanth (Shri) S. Narayanan": "https://scholar.google.com/citations?user=8EDHmYkAAAAJ",
  "Cydney Nielsen": "https://scholar.google.com/citations?user=JavACE0AAAAJ",
  "Don Norman": "https://scholar.google.com/citations?user=h-2JebwAAAAJ",
  "Chris North": "https://scholar.google.com/citations?user=yBZ7vtkAAAAJ",
  "Stephen North": "https://scholar.google.com/citations?user=_QJP9-0AAAAJ",
  "Gary M. Olson": "https://scholar.google.com/citations?user=4XyoYbAAAAAJ",
  "Judith Olson": "https://scholar.google.com/citations?user=xfwOz_kAAAAJ",
  "Leysia Palen": "https://scholar.google.com/citations?user=x0OsogEAAAAJ",
  "Bryan Pardo": "https://scholar.google.com/citations?user=vxEKYqsAAAAJ",
  "Tapan S. Parikh": "https://scholar.google.com/citations?user=Iiut4KYAAAAJ",
  "Cynthia Parr": "https://scholar.google.com/citations?user=oI764M0AAAAJ",
  "Shwetak Patel": "https://scholar.google.com/citations?user=z4S5rC0AAAAJ",
  "Eric Paulos": "https://scholar.google.com/citations?user=K__JmtcAAAAJ",
  "Adam Perer": "https://scholar.google.com/citations?user=wAxr6b8AAAAJ",
  "Ken Perlin": "https://scholar.google.com/citations?user=TGRPKRIAAAAJ",
  "Hanspeter Pfister": "https://scholar.google.com/citations?user=VWX-GMAAAAAJ",
  "Emmanuel Pietriga": "https://scholar.google.com/citations?user=H19l7WoAAAAJ",
  "Catherine Plaisant": "https://scholar.google.com/citations?user=VnwWgwIAAAAJ",
  "Mitchel Resnick": "https://scholar.google.com/citations?user=KKq5SN4AAAAJ",
  "Paul Resnick": "https://scholar.google.com/citations?user=SftrEEMAAAAJ",
  "Nathalie Henry Riche": "https://scholar.google.com/citations?user=HH02qY4AAAAJ",
  "Scott Robertson": "https://scholar.google.com/citations?user=rdbwZvIAAAAJ",
  "Mary Beth Rosson": "https://scholar.google.com/citations?user=1GUWOTEAAAAJ",
  "Dario Salvucci": "https://scholar.google.com/citations?user=i1VJMhgAAAAJ",
  "Richard Scheines": "https://scholar.google.com/citations?user=HlTD6JUAAAAJ",
  "m.c. schraefel": "https://scholar.google.com/citations?user=nAtF6UMAAAAJ",
  "Michael Sedlmair": "https://scholar.google.com/citations?user=objnJXoAAAAJ",
  "Ben Shneiderman": "https://scholar.google.com/citations?user=h4i4fh8AAAAJ",
  "Claudio T. Silva": "https://scholar.google.com/citations?user=YIwiAAsAAAAJ",
  "Marc Smith": "https://scholar.google.com/citations?user=9Usm_wIAAAAJ",
  "Thad Starner": "https://scholar.google.com/citations?user=qr8Vo9IAAAAJ",
  "John Stasko": "https://scholar.google.com/citations?user=2PxFftgAAAAJ",
  "Constantine Stephanidis": "https://scholar.google.com/citations?user=EBXa1RQAAAAJ",
  "Marc Streit": "https://scholar.google.com/citations?user=l7TTSP0AAAAJ",
  "Wolfgang Stuerzlinger": "https://scholar.google.com/citations?user=78KBaPsAAAAJ",
  "Deborah Tatar": "https://scholar.google.com/citations?user=LWcEVAIAAAAJ",
  "Loren Terveen": "https://scholar.google.com/citations?user=r6cAovIAAAAJ",
  "Bill Tomlinson": "https://scholar.google.com/citations?user=-jW6ADwAAAAJ",
  "Melanie Tory": "https://scholar.google.com/citations?user=cKMhiMkAAAAJ",
  "Shari Trewin": "https://scholar.google.com/citations?user=gFfyv5sAAAAJ",
  "Jeff Trinkle": "https://scholar.google.com/citations?user=Dl0vAp8AAAAJ",
  "Jarke J. van Wijk": "https://scholar.google.com/citations?user=1F_eX28AAAAJ",
  "Gregg Vanderheiden": "https://scholar.google.com/citations?user=C5-C5U0AAAAJ",
  "Fernanda Viegas": "https://scholar.google.com/citations?user=GvXDNsYAAAAJ",
  "Jessica Vitak": "https://scholar.google.com/citations?user=RC9bN7kAAAAJ",
  "Daniel Vogel": "https://scholar.google.com/citations?user=Yi5nK1EAAAAJ",
  "James R. Wallace": "https://scholar.google.com/citations?user=uCxDo9sAAAAJ",
  "Matthew Ward": "https://scholar.google.com/citations?user=EMOe15MAAAAJ",
  "Martin Wattenberg": "https://scholar.google.com/citations?user=pv54dqMAAAAJ",
  "Chris Weaver": "https://scholar.google.com/citations?user=SrIEIUgAAAAJ",
  "Michel A. Westenberg": "https://scholar.google.com/citations?user=5eK84bMAAAAJ",
  "Lauren Wilcox-Patterson": "https://scholar.google.com/citations?user=7aexN-cAAAAJ",
  "Jacob O. Wobbrock": "https://scholar.google.com/citations?user=TmZ3howAAAAJ",
  "Svetlana Yarosh": "https://scholar.google.com/citations?user=n6bjh24AAAAJ",
  "Ji Soo Yi": "https://scholar.google.com/citations?user=LqWIQ8kAAAAJ",
  "Shumin Zhai": "https://scholar.google.com/citations?user=jJLvY8AAAAAJ",
  "Jiajie Zhang": "https://scholar.google.com/citations?user=93SGumkAAAAJ",
  "Shengdong Zhao": "https://scholar.google.com/citations?user=VfdLjCcAAAAJ",
  "Caroline Ziemkiewicz": "https://scholar.google.com/citations?user=VDhnOHEAAAAJ",
  "John Zimmerman": "https://scholar.google.com/citations?user=A-4JUL4AAAAJ",
  "Gottfried Zimmermann": "https://scholar.google.com/citations?user=llLLcQcAAAAJ"
}
