{
  "Wil van der Aalst": "https://scholar.google.com/citations?user=aSZYyxIAAAAJ",
  "Martin Abadi": "https://scholar.google.com/citations?user=vWTI60AAAAAJ",
  "Charu Aggarwal": "https://scholar.google.com/citations?user=x_wsduUAAAAJ",
  "Rakesh Agrawal": "https://scholar.google.com/citations?user=XPdhXUUAAAAJ",
  "Ian F. Akyildiz": "https://scholar.google.com/citations?user=rAGwv14AAAAJ",
  "John Anderson": "https://scholar.google.com/citations?user=PGcc-RIAAAAJ",
  "Nicholas Ayache": "https://scholar.google.com/citations?user=29XL16UAAAAJ",
  "Hari Balakrishnan": "https://scholar.google.com/citations?user=Qf4bw4UAAAAJ",
  "Yoshua Bengio": "https://scholar.google.com/citations?user=kukA0LcAAAAJ",
  "Elisa Bertino": "https://scholar.google.com/citations?user=EfuT9RoAAAAJ",
  "Dan Boneh": "https://scholar.google.com/citations?user=MwLqCs4AAAAJ",
  "Alan Bovik": "https://scholar.google.com/citations?user=p-PC50wAAAAJ",
  "Stephen Boyd": "https://scholar.google.com/citations?user=GExyiRkAAAAJ",
  "Wolfram Burgard": "https://scholar.google.com/citations?user=zj6FavAAAAAJ",
  "Rajkumar Buyya": "https://scholar.google.com/citations?user=7xN6JqYAAAAJ",
  "Stuart K. Card": "https://scholar.google.com/citations?user=ccCNF08AAAAJ",
  "John M. Carroll": "https://scholar.google.com/citations?user=7Mg8JZMAAAAJ",
  "Shih-Fu Chang": "https://scholar.google.com/citations?user=OMVTRscAAAAJ",
  "Rama Chellappa": "https://scholar.google.com/citations?user=mZxsTCcAAAAJ",
  "Andrzej Cichocki": "https://scholar.google.com/citations?user=wpZDx1cAAAAJ",
  "Edmund Clarke": "https://scholar.google.com/citations?user=_adL2C8AAAAJ",
  "W. Bruce Croft": "https://scholar.google.com/citations?user=ArV74ZMAAAAJ",
  "David Culler": "https://scholar.google.com/citations?user=urTiL7QAAAAJ",
  "Mary Czerwinski": "https://scholar.google.com/citations?user=LHkrpqEAAAAJ",
  "Trevor Darrell": "https://scholar.google.com/citations?user=bh-uRFMAAAAJ",
  "Larry Davis": "https://scholar.google.com/citations?user=lc0ARagAAAAJ",
  "Kalyanmoy Deb": "https://scholar.google.com/citations?user=paTAXiIAAAAJ",
  "David DeWitt": "https://scholar.google.com/citations?user=6iBz3QgAAAAJ",
  "Jack Dongarra": "https://scholar.google.com/citations?user=X4SbSTAAAAAJ",
  "Didier Dubois": "https://scholar.google.com/citations?user=Zj5gDOYAAAAJ",
  "Susan Dumais": "https://scholar.google.com/citations?user=x8dED5cAAAAJ",
  "Deborah Estrin": "https://scholar.google.com/citations?user=3_WYcR4AAAAJ",
  "Oren Etzioni": "https://scholar.google.com/citations?user=-hmxit8AAAAJ",
  "Christos Faloutsos": "https://scholar.google.com/citations?user=nd8lQQIAAAAJ",
  "Olivier Faugeras": "https://scholar.google.com/citations?user=_PhjyLoAAAAJ",
  "Tim Finin": "https://scholar.google.com/citations?user=p5oWQ0AAAAAJ",
  "Ian T. Foster": "https://scholar.google.com/citations?user=VGoSakQAAAAJ",
  "Dieter Fox": "https://scholar.google.com/citations?user=DqXsbPAAAAAJ",
  "Michael Franklin": "https://scholar.google.com/citations?user=p0sQC6sAAAAJ",
  "Hector Garcia-Molina": "https://scholar.google.com/citations?user=bAa___kAAAAJ",
  "Georgios B. Giannakis": "https://scholar.google.com/citations?user=Nu_6R8sAAAAJ",
  "C Lee Giles": "https://scholar.google.com/citations?user=sAkg9T8AAAAJ",
  "David E. Goldberg": "https://scholar.google.com/citations?user=BUzKxsoAAAAJ",
  "Oded Goldreich": "https://scholar.google.com/citations?user=DLQW_LoAAAAJ",
  "Luc Van Gool": "https://scholar.google.com/citations?user=TwMib_QAAAAJ",
  "Jim Gray": "https://scholar.google.com/citations?user=Dn4kkYUAAAAJ",
  "Saul Greenberg": "https://scholar.google.com/citations?user=TthhUuoAAAAJ",
  "Stephen Grossberg": "https://scholar.google.com/citations?user=3BIV70wAAAAJ",
  "Leonidas Guibas": "https://scholar.google.ca/citations?user=5JlEyTAAAAAJ",
  "Joseph Halpern": "https://scholar.google.com/citations?user=FsBCAfgAAAAJ",
  "Alon Halevy": "https://scholar.google.com/citations?user=F_MI0pcAAAAJ",
  "Jiawei Han": "https://scholar.google.com/citations?user=Kv9AbjMAAAAJ",
  "Patrick Hanrahan": "https://scholar.google.com/citations?user=RzEnQmgAAAAJ",
  "Thomas Huang": "https://scholar.google.com/citations?user=rGF6-WkAAAAJ",
  "David Haussler": "https://scholar.google.com/citations?user=S2OjOvYAAAAJ",
  "Joseph Hellerstein": "https://scholar.google.com/citations?user=uFJi3IUAAAAJ",
  "Thomas Henzinger": "https://scholar.google.com/citations?user=jpgplxUAAAAJ",
  "Francisco Herrera": "https://scholar.google.com/citations?user=HULIk-QAAAAJ",
  "Geoffrey Hinton": "https://scholar.google.com/citations?user=JicYPdAAAAAJ",
  "Mark Horowitz": "https://scholar.google.com/citations?user=e7V7-gEAAAAJ",
  "Eric Horvitz": "https://scholar.google.com/citations?user=V4OPEAgAAAAJ",
  "H. V. Jagadish": "https://scholar.google.com/citations?user=SKVnHakAAAAJ",
  "Sushil Jajodia": "https://scholar.google.com/citations?user=lOZ1vHIAAAAJ",
  "Anil K. Jain": "https://scholar.google.com/citations?user=g-_ZXGsAAAAJ",
  "Nick Jennings": "https://scholar.google.com/citations?user=FX5CsuYAAAAJ",
  "Christian S. Jensen": "https://scholar.google.com/citations?user=wo20cPYAAAAJ",
  "Michael I. Jordan": "https://scholar.google.com/citations?user=yxUduqMAAAAJ",
  "Dan Jurafsky": "https://scholar.google.com/citations?user=uZg9l58AAAAJ",
  "Takeo Kanade": "https://scholar.google.com/citations?user=LQ87h3sAAAAJ",
  "David Karger": "https://scholar.google.com/citations?user=2vQRGrYAAAAJ",
  "George Karypis": "https://scholar.google.com/citations?user=ElqwScwAAAAJ",
  "Randy Katz": "https://scholar.google.com/citations?user=PkfChMgAAAAJ",
  "Sara Kiesler": "https://scholar.google.com/citations?user=8Qu_gAMAAAAJ",
  "Jon Kleinberg": "https://scholar.google.com/citations?user=VX7d5EQAAAAJ",
  "Daphne Koller": "https://scholar.google.com/citations?user=5Iqe53IAAAAJ",
  "Robert E. Kraut": "https://scholar.google.com/citations?user=HKGYvu4AAAAJ",
  "Hans-Peter Kriegel": "https://scholar.google.com/citations?user=DBf9LC4AAAAJ",
  "Vipin Kumar": "https://scholar.google.com/citations?user=BnxU9TEAAAAJ",
  "Yann LeCun": "https://scholar.google.com/citations?user=WLN3QrAAAAAJ",
  "Bing Liu": "https://scholar.google.com/citations?user=Kt1bjZoAAAAJ",
  "Wei-Ying Ma": "https://scholar.google.com/citations?user=SToCbu8AAAAJ",
  "Samuel Madden": "https://scholar.google.com/citations?user=a1ngrCIAAAAJ",
  "Jitendra Malik": "https://scholar.google.com/citations?user=oY9R5YQAAAAJ",
  "Christopher D Manning": "https://scholar.google.com/citations?user=1zmDOdwAAAAJ",
  "Maja J Mataric": "https://scholar.google.com/citations?user=o5YQMkMAAAAJ",
  "Andrew McCallum": "https://scholar.google.com/citations?user=yILa1y0AAAAJ",
  "Tom Mitchell": "https://scholar.google.com/citations?user=MnfzuPYAAAAJ",
  "Raymond Mooney": "https://scholar.google.com/citations?user=p9RsPG4AAAAJ",
  "Klaus-Robert Müller": "https://scholar.google.com/citations?user=jplQac8AAAAJ",
  "Brad A. Myers": "https://scholar.google.com/citations?user=E1cp_aYAAAAJ",
  "Shrikanth (Shri) S. Narayanan": "https://scholar.google.com/citations?user=8EDHmYkAAAAJ",
  "Shree Nayar": "https://scholar.google.com/citations?user=3pZs3j0AAAAJ",
  "Hermann Ney": "https://scholar.google.com/citations?user=6C8rf-0AAAAJ",
  "Don Norman": "https://scholar.google.com/citations?user=h-2JebwAAAAJ",
  "Stanley Osher": "https://scholar.google.com/citations?user=d3UtiX8AAAAJ",
  "Christos Papadimitriou": "https://scholar.google.com/citations?user=rXYLXJMAAAAJ",
  "David Patterson": "https://scholar.google.com/citations?user=Wj4ZBFIAAAAJ",
  "Judea Pearl": "https://scholar.google.com/citations?user=bAipNH8AAAAJ",
  "Alex `Sandy' Pentland": "https://scholar.google.com/citations?user=P4nfoKYAAAAJ",
  "Fernando Pereira": "https://scholar.google.com/citations?user=qWDmIgIAAAAJ",
  "Tomaso Poggio": "https://scholar.google.com/citations?user=WgAGy7wAAAAJ",
  "Henri Prade": "https://scholar.google.com/citations?user=Hw_xpykAAAAJ",
  "Raghu Ramakrishnan": "https://scholar.google.com/citations?user=udZSrkYAAAAJ",
  "Steven Salzberg": "https://scholar.google.com/citations?user=sUVeH-4AAAAJ",
  "Hanan Samet": "http://scholar.google.com/citations?user=ATOfqHEAAAAJ",
  "Cordelia Schmid": "https://scholar.google.com/citations?user=IvqCXP4AAAAJ",
  "Bernhard Schölkopf": "https://scholar.google.com/citations?user=DZ-fHPgAAAAJ",
  "Terrence Sejnowski": "https://scholar.google.com/citations?user=m1qAiOUAAAAJ",
  "Mubarak Shah": "https://scholar.google.com/citations?user=p8gsO3gAAAAJ",
  "Scott Shenker": "https://scholar.google.com/citations?user=GUAoEcAAAAAJ",
  "Amit Sheth": "https://scholar.google.com/citations?user=2T3H4ekAAAAJ",
  "Kang G. Shin": "https://scholar.google.com/citations?user=vY7MdLYAAAAJ",
  "Ben Shneiderman": "https://scholar.google.com/citations?user=h4i4fh8AAAAJ",
  "Herbert Simon": "https://scholar.google.com/citations?user=tk2qT34AAAAJ",
  "Alex Smola": "https://scholar.google.com/citations?user=Tb0ZrYwAAAAJ",
  "Divesh Srivastava": "https://scholar.google.com/citations?user=kGKlHp0AAAAJ",
  "Mani Srivastava": "https://scholar.google.com/citations?user=X2Qs7XYAAAAJ",
  "John Stankovic": "https://scholar.google.com/citations?user=4VJre9IAAAAJ",
  "Dan Suciu": "https://scholar.google.com/citations?user=SIxd6jgAAAAJ",
  "Katia Sycara": "https://scholar.google.com/citations?user=VWv6a9kAAAAJ",
  "A. S. Szalay": "https://scholar.google.com/citations?user=rUiWchkAAAAJ",
  "Richard Szeliski": "https://scholar.google.com/citations?user=3_u1jHQAAAAJ",
  "Robert Tibshirani": "https://scholar.google.com/citations?user=ZpG_cJwAAAAJ",
  "Sebastian Thrun": "https://scholar.google.com/citations?user=7K34d7cAAAAJ",
  "Don Towsley": "https://scholar.google.com/citations?user=KIFPVWoAAAAJ",
  "Jeffrey Ullman": "https://scholar.google.com/citations?user=wUJ2bXgAAAAJ",
  "vapnik": "https://scholar.google.com/citations?user=vtegaJgAAAAJ",
  "Moshe Y. Vardi": "https://scholar.google.com/citations?user=DQaARsgAAAAJ",
  "Martin Vetterli": "https://scholar.google.com/citations?user=YQcU3NYAAAAJ",
  "Alberto Sangiovanni Vincentelli": "https://scholar.google.com/citations?user=AhgjQ2QAAAAJ",
  "Alex Waibel": "https://scholar.google.com/citations?user=uHwTzpYAAAAJ",
  "Gerhard Weikum": "https://scholar.google.com/citations?user=vNAD0mAAAAAJ",
  "Jason Weston": "https://scholar.google.com/citations?user=lMkTx0EAAAAJ",
  "Jennifer Widom": "https://scholar.google.com/citations?user=zdKmnYwAAAAJ",
  "Jie Wu": "https://scholar.google.com/citations?user=BVlfmXMAAAAJ",
  "Qiang Yang": "https://scholar.google.com/citations?user=1LxWZLQAAAAJ",
  "Philip S. Yu": "https://scholar.google.com/citations?user=D0lL1r0AAAAJ",
  "Lotfi A. Zadeh": "https://scholar.google.com/citations?user=S6H-0RAAAAAJ",
  "David Zhang": "https://scholar.google.com/citations?user=IOagLnEAAAAJ",
  "Hongjiang Zhang": "https://scholar.google.com/citations?user=u6wmNbQAAAAJ",
  "Andrew Zisserman": "https://scholar.google.com/citations?user=UZ5wscMAAAAJ"
}
